-0.09025264531373978,0.0868203192949295,0.011002476327121258,-0.014987049624323845,-0.08266949653625488,-0.0346333384513855,-0.07503902167081833,-0.1560925394296646,0.08469242602586746,-0.03874555602669716,0.23848602175712585,-0.12162268906831741,-0.19860829412937164,-0.08967415988445282,-0.022670067846775055,0.1780245304107666,-0.17139719426631927,-0.08288124948740005,-0.061333220452070236,-0.007592631503939629,0.04484351724386215,0.015708645805716515,0.04761502891778946,-0.0035389147233217955,-0.09475741535425186,-0.34149840474128723,-0.13175764679908752,-0.06340862810611725,0.07242579013109207,-0.03183990716934204,-0.08168302476406097,0.04352309927344322,-0.17266589403152466,-0.13397739827632904,0.07995660603046417,0.1515924334526062,-0.05022750794887543,-0.0713622197508812,0.1465713083744049,-0.009077910333871841,-0.20317941904067993,-0.022326268255710602,0.09589649736881256,0.22372402250766754,0.2242598682641983,0.07438790053129196,0.0017699402524158359,-0.06869778782129288,0.06012747809290886,-0.18228386342525482,0.08118969202041626,0.07698711007833481,0.08084509521722794,0.0875101089477539,0.0047556865029037,-0.08638767898082733,0.031866662204265594,0.13858141005039215,-0.13895457983016968,-0.061188407242298126,0.14060057699680328,-0.10386855900287628,-0.039091527462005615,-0.018626132979989052,0.2000773400068283,0.11515548825263977,-0.07902319729328156,-0.19647316634655,0.08836816996335983,-0.12871994078159332,-0.09087245166301727,0.052317261695861816,-0.10801365226507187,-0.09437963366508484,-0.3455984890460968,0.0076328422874212265,0.46089109778404236,0.04752562940120697,-0.12827086448669434,0.025491924956440926,-0.017082050442695618,-0.03816353902220726,0.13025309145450592,0.09119892865419388,-5.784212844446301E-4,0.0011611680965870619,-0.12388507276773453,-0.010516936890780926,0.18049046397209167,-0.08329495042562485,-0.03248696029186249,0.1387569159269333,-0.04529997706413269,0.0869564339518547,0.0646396204829216,0.1010233461856842,-0.07766708731651306,0.03949455916881561,-0.08438146859407425,-0.06791449338197708,0.11355569958686829,-0.007607168518006802,0.016008272767066956,0.13806121051311493,-0.12549567222595215,0.15266253054141998,-0.003444637404754758,0.05903642997145653,0.08922558277845383,-0.06735903024673462,-0.03253216668963432,-0.04891650378704071,0.1293751299381256,-0.22532710433006287,0.11533952504396439,0.14603188633918762,-0.03183785453438759,0.09058750420808792,0.11029231548309326,0.09109443426132202,-0.009069039486348629,0.020395707339048386,-0.24876630306243896,-0.05833648145198822,0.039756905287504196,0.013333768583834171,0.06156092509627342,0.02327783592045307 5530.0 4138.0
0.06283765286207199,0.1340094357728958,0.04338778182864189,-0.013326459564268589,-0.003784331725910306,-0.06272517144680023,-0.013539102859795094,-0.08648654818534851,0.13154709339141846,-0.13157053291797638,0.12891799211502075,0.011517191305756569,-0.24541397392749786,-0.07589302211999893,-0.025495700538158417,0.12548020482063293,-0.14647838473320007,-0.0834578350186348,-0.15955717861652374,-0.0925225019454956,-0.051403746008872986,0.09739741683006287,0.05843258649110794,-0.03215650096535683,-0.08866968005895615,-0.2852231562137604,-0.07137895375490189,-0.08004342764616013,0.04400264471769333,-0.059121761471033096,0.020411405712366104,0.04284489527344704,-0.15008777379989624,-0.06799416989088058,0.018385151401162148,0.017185216769576073,-0.04291073605418205,-0.026400161907076836,0.22972458600997925,0.17812733352184296,-0.20258547365665436,0.13710935413837433,-0.0032727986108511686,0.30725497007369995,0.23482786118984222,-0.018001431599259377,0.040814340114593506,-0.1026429608464241,0.13759590685367584,-0.2633100152015686,0.0970228910446167,0.12454307824373245,0.14542770385742188,0.03639421612024307,0.08809471875429153,-0.14384174346923828,-0.031143948435783386,0.10815887153148651,-0.181947261095047,0.07553599029779434,0.13778413832187653,-0.09494480490684509,-0.023622458800673485,0.024907827377319336,0.03222276642918587,0.055118124932050705,-0.06087634712457657,-0.0960240587592125,0.19189634919166565,-0.17816148698329926,-0.024212181568145752,0.040202248841524124,-0.045338552445173264,-0.10424201935529709,-0.32646673917770386,0.06848983466625214,0.3365367352962494,0.20572201907634735,-0.06715908646583557,-0.027003446593880653,-0.13717545568943024,0.03263029828667641,0.022352974861860275,0.007464203983545303,-0.12308065593242645,-0.08148730546236038,-0.04099206253886223,0.0680103600025177,0.12774358689785004,-0.007929153740406036,-0.09194862842559814,0.16716858744621277,-0.010250745341181755,0.006016542669385672,-0.010562356561422348,-0.007575578521937132,-0.1678089052438736,-0.038239944726228714,-0.15797075629234314,-0.027079932391643524,0.015856744721531868,-0.1547207087278366,0.05574946105480194,0.1268353909254074,-0.2299412041902542,0.14373338222503662,-0.018269632011651993,-0.10963757336139679,0.05259215086698532,0.09919208288192749,-0.1000385582447052,0.023956870660185814,0.16369110345840454,-0.1656462550163269,0.22427979111671448,0.21133263409137726,0.027583548799157143,0.10579435527324677,0.14819636940956116,0.040151532739400864,-0.04572365805506706,-0.07095889747142792,-0.12851755321025848,-0.1614617109298706,-0.021692536771297455,0.09466826170682907,0.08674032241106033,0.03697853907942772 3009.0 3443.0
-0.09207776188850403,0.070955790579319,0.052514780312776566,-0.05909721553325653,-0.08051939308643341,-0.1062329038977623,-0.02603783644735813,-0.04671371728181839,0.11655686795711517,-0.07498054951429367,0.17606830596923828,-0.056727178394794464,-0.22445595264434814,0.01552452053874731,-0.02996441163122654,0.09465327113866806,-0.1344200223684311,-0.05535135045647621,-0.11206768453121185,-0.025206545367836952,0.021077731624245644,0.030463807284832,0.011869693174958229,0.014609690755605698,-0.1275772899389267,-0.31182628870010376,-0.06952133029699326,-0.0920196920633316,0.012300674803555012,-0.11665687710046768,0.033965107053518295,0.015391605906188488,-0.13094469904899597,-0.07655619829893112,0.04941260814666748,0.06926467269659042,-0.07144934684038162,-0.09057153016328812,0.24458490312099457,0.06253392994403839,-0.12387392669916153,0.039901040494441986,0.05150729417800903,0.3154884874820709,0.11635857075452805,0.11305888742208481,0.03717421367764473,-0.09113803505897522,0.1469975858926773,-0.22598671913146973,0.11351113021373749,0.10241714119911194,0.16324418783187866,0.06750980764627457,0.10856474936008453,-0.15995007753372192,0.1403615027666092,0.1326102465391159,-0.26643121242523193,0.054128482937812805,0.12322688102722168,0.01628682017326355,0.005538729019463062,-0.00858418270945549,0.23176313936710358,0.05789116024971008,-0.08938755840063095,-0.0262228362262249,0.12740902602672577,-0.1394469439983368,-0.010384231805801392,0.013164658099412918,-0.0875861719250679,-0.17335933446884155,-0.19562934339046478,0.0466005876660347,0.33867448568344116,0.2014610320329666,-0.16782930493354797,-0.04346851631999016,-0.07786969095468521,-0.05169453099370003,0.07166165858507156,0.009098842740058899,-0.1221470758318901,-0.09415169060230255,-0.06219908222556114,-0.01615196280181408,0.18122558295726776,0.010459844022989273,-0.005249628331512213,0.16826118528842926,0.09073444455862045,-0.09015372395515442,-0.004334246274083853,-0.11040738970041275,-0.1922232210636139,-0.002667874563485384,-0.060848500579595566,-0.037119604647159576,0.019274979829788208,-0.11731719225645065,-0.002962751081213355,0.12894582748413086,-0.2891448736190796,0.17923220992088318,-0.015175419859588146,-0.10998625308275223,0.03013278730213642,0.0555693656206131,-0.1030995100736618,-0.07947301119565964,0.12295708060264587,-0.23328906297683716,0.15376050770282745,0.1963149905204773,0.06724859029054642,0.1434045433998108,0.02594447135925293,0.071841299533844,0.008575491607189178,0.08557775616645813,-0.1471562534570694,-0.10752355307340622,0.047621726989746094,0.007141178008168936,0.0824243351817131,0.021298574283719063 2678.0 3242.0
-0.13339334726333618,0.0520278625190258,-0.003509203204885125,-0.10226349532604218,-0.12234587222337723,-0.062091927975416183,-0.052230965346097946,-0.11062317341566086,0.24259617924690247,-0.03539066016674042,0.1908087432384491,-0.07182568311691284,-0.2774505615234375,0.0029305103234946728,-0.09045589715242386,0.16860157251358032,-0.32973653078079224,-0.1766687035560608,-0.1116371750831604,-0.13211339712142944,0.05340932682156563,0.026200540363788605,0.05623091757297516,0.15222887694835663,-0.26643556356430054,-0.29206588864326477,-0.03185538575053215,-0.21260087192058563,0.009247207082808018,-0.08919164538383484,0.031664419919252396,0.04161155968904495,-0.20932820439338684,-0.010050024837255478,0.07421054691076279,0.07242919504642487,-0.002793185645714402,-0.09611638635396957,0.20820298790931702,-0.033998023718595505,-0.19135181605815887,-0.06259918957948685,0.09442440420389175,0.19339880347251892,0.2691868245601654,0.027634333819150925,0.0179766658693552,-0.0707671195268631,0.14641593396663666,-0.31208300590515137,-0.009555555880069733,0.22041483223438263,0.05607486888766289,0.09154746681451797,0.12858501076698303,-0.18254020810127258,0.0017890308517962694,0.2004392296075821,-0.17593051493167877,0.025851469486951828,0.018378615379333496,-0.06198366731405258,-0.025420086458325386,-0.04718736559152603,0.23967769742012024,0.09786319732666016,-0.17392559349536896,-0.09269077330827713,0.16528673470020294,-0.18171685934066772,-0.05668013170361519,0.12682300806045532,-0.1178736463189125,-0.2165384739637375,-0.2303171157836914,-0.07197293639183044,0.39794984459877014,0.11501952260732651,-0.18281328678131104,0.06307448446750641,-0.06464726477861404,0.007192981895059347,0.004080574493855238,0.07596247643232346,-0.04801853746175766,0.013338596560060978,-0.10492420196533203,0.048448458313941956,0.18311333656311035,-0.04058646783232689,0.05076861381530762,0.2535032033920288,-0.03292163461446762,-0.043020181357860565,0.04099399968981743,0.0754661038517952,-0.14428332448005676,-0.033215660601854324,-0.057252537459135056,-0.02341369353234768,0.06295827031135559,0.04558710381388664,-0.008241046220064163,-0.001334771397523582,-0.11793824285268784,0.08287572115659714,-0.04736354202032089,-0.05770834907889366,-0.12335062026977539,-0.0789608508348465,-8.176073315553367E-4,0.008313556201756,0.18652570247650146,-0.312778115272522,0.23649312555789948,0.15127357840538025,-0.07886018604040146,0.18116480112075806,-0.06931333243846893,0.02771729975938797,-0.043870698660612106,-0.025449473410844803,-0.0895339697599411,-0.10080351680517197,0.03163279965519905,-0.07676568627357483,0.06936351954936981,-0.051512211561203 4327.0 1278.0
-0.08421919494867325,0.10460558533668518,-2.29154436965473E-4,0.08222118020057678,-0.12980131804943085,-0.0784166231751442,0.05699126049876213,-0.16652975976467133,0.1810677945613861,-0.026485025882720947,0.2664215564727783,-0.03177958354353905,-0.18445469439029694,-0.03930479288101196,-0.11025522649288177,0.10658372193574905,-0.13754969835281372,-0.08015710115432739,-0.2060646116733551,-0.02162746712565422,0.008364466018974781,-0.0014893267070874572,0.012953304685652256,0.015937840566039085,-0.05496373772621155,-0.2754058539867401,-0.07609642297029495,-0.04857936501502991,0.05342144891619682,-0.14039289951324463,0.03156036138534546,0.036766838282346725,-0.24937747418880463,-0.15954425930976868,0.0048304772935807705,-0.015442436560988426,-0.053808387368917465,-0.054467469453811646,0.18167084455490112,0.00819364283233881,-0.1910022348165512,0.05120580643415451,0.07607486844062805,0.2248489409685135,0.22623944282531738,2.0409210992511362E-4,-0.07041999697685242,-0.1344783753156662,0.1201372891664505,-0.22202613949775696,0.04382443055510521,0.1264050304889679,0.19045986235141754,0.0849064439535141,0.07517281919717789,-0.06584632396697998,0.02248644083738327,0.1466941386461258,-0.17760832607746124,0.0909244492650032,0.09951415657997131,-0.1258385181427002,0.024151133373379707,-0.0061949011869728565,0.05387064814567566,0.11199256777763367,0.020444361492991447,-0.1266731172800064,0.1427377611398697,-0.19822829961776733,-0.06292127072811127,0.049825843423604965,0.006804239004850388,-0.21016591787338257,-0.30506041646003723,-1.4447009016294032E-4,0.42319056391716003,0.13555178046226501,-0.1946764886379242,-0.043500740081071854,-0.08256186544895172,-0.08384205400943756,0.05827304348349571,-0.005642262753099203,-0.051917415112257004,-0.14006851613521576,-0.14961311221122742,-0.001780824619345367,0.2627944052219391,-0.0044869426637887955,-0.02121981792151928,0.23546268045902252,-0.03201966732740402,-0.10089325904846191,0.04313012585043907,0.03292621672153473,-0.12303207069635391,0.04383106902241707,-0.07751163840293884,-0.028132833540439606,0.00887258443981409,-0.12868541479110718,-0.006472846493124962,0.03102189674973488,-0.1664227694272995,0.10251837968826294,-0.008596595376729965,-0.005142658483237028,0.02503572590649128,-0.06889033317565918,-0.06101156398653984,0.022409522905945778,0.16411906480789185,-0.1861429214477539,0.3410334289073944,0.08594246208667755,-0.03446328267455101,0.12185610085725784,0.0016534110764041543,0.08129139244556427,-0.018657080829143524,-0.03601628169417381,-0.06007502228021622,-0.12809593975543976,-0.01222909428179264,-0.04165031388401985,0.06151532754302025,0.021586576476693153 275.0 1970.0
-0.1396450698375702,0.15175189077854156,0.04137653857469559,-0.07294976711273193,-0.15494996309280396,0.005509551614522934,0.015997471287846565,-0.09061579406261444,0.20262253284454346,-0.053398363292217255,0.1383807212114334,0.04992347210645676,-0.29536381363868713,-0.01982898637652397,-0.030169842764735222,0.08374597132205963,-0.05425456166267395,-0.1697143018245697,-0.1539030224084854,-0.09712853282690048,-0.030385926365852356,-0.002188146347180009,-0.03454199060797691,-0.05624505504965782,-0.04307089373469353,-0.2719760835170746,-0.09096146374940872,-0.06320438534021378,0.03339330479502678,-0.20228293538093567,0.09576504677534103,0.03383798897266388,-0.14439238607883453,-0.1091100350022316,-0.01919637806713581,0.04788891226053238,-0.1656029373407364,-0.06995043903589249,0.25409042835235596,-0.019914060831069946,-0.12164139002561569,-0.006675221025943756,0.0673009604215622,0.3084520101547241,0.18746492266654968,-0.023847011849284172,0.003198819002136588,-0.06455161422491074,0.17219847440719604,-0.31140974164009094,0.12335769832134247,0.12073899805545807,0.22055841982364655,0.09168194234371185,0.20144088566303253,-0.15513935685157776,0.07496438175439835,0.06884966790676117,-0.19375255703926086,0.1313048005104065,0.0824260488152504,-0.13489294052124023,-0.1698373556137085,-0.07028455287218094,0.14456573128700256,0.07041854411363602,-0.0449223518371582,-0.15939019620418549,0.18487948179244995,-0.11004941910505295,-0.06294544786214828,0.09620370715856552,-0.06505446881055832,-0.1524491161108017,-0.256634920835495,0.09815080463886261,0.37942150235176086,0.12578684091567993,-0.182353213429451,0.04177270829677582,-0.04528728500008583,-0.062471903860569,-0.048021718859672546,-0.03684031963348389,-0.15345734357833862,-0.10999993979930878,-0.10503409802913666,0.01171889528632164,0.17431338131427765,-0.046039849519729614,-0.07324660569429398,0.1469055861234665,0.048770464956760406,-0.02276531420648098,0.04647103324532509,0.03679681196808815,-0.08480488508939743,-0.030706463381648064,-0.11889030039310455,-0.03856030851602554,0.17882706224918365,-0.23091617226600647,-0.05059841647744179,0.05557940527796745,-0.21288955211639404,0.20313672721385956,0.012537787668406963,0.0040335520170629025,0.004414302762597799,-0.04851440712809563,-0.17835234105587006,0.04195621609687805,0.2429713010787964,-0.2837909460067749,0.2766815721988678,0.1591583788394928,-0.05315268412232399,0.0971282348036766,0.08020509034395218,0.050337597727775574,0.0268081221729517,0.02326672524213791,-0.10628761351108551,-0.16640450060367584,0.028766358271241188,0.017497634515166283,-0.03637725114822388,0.10698949545621872 4061.0 4837.0
-0.10636530816555023,0.170082226395607,0.013077711686491966,-0.06639024615287781,-0.14206671714782715,0.15370135009288788,-0.03434935584664345,-0.07032487541437149,0.15248364210128784,-0.03119645267724991,0.22437499463558197,-0.01997457444667816,-0.3136996328830719,-0.041424475610256195,0.03712772950530052,0.14961963891983032,-0.13974629342556,-0.08795346319675446,-0.1344147026538849,-0.06900191307067871,0.009569918736815453,0.05159193277359009,0.06783048808574677,0.0259002186357975,-0.11281432956457138,-0.35175520181655884,-0.050586484372615814,-0.08635862916707993,0.0338154099881649,-0.12958075106143951,-0.011589722707867622,-0.029222240671515465,-0.18012164533138275,-0.015620561316609383,0.023173948749899864,0.08083187788724899,-0.16079415380954742,-0.09545087069272995,0.19063083827495575,0.021009303629398346,-0.16531099379062653,-0.04513944312930107,0.009419123642146587,0.17947006225585938,0.15390247106552124,0.07407709956169128,-0.03740956261754036,-0.05530944839119911,0.11951613426208496,-0.23065215349197388,0.09456003457307816,0.18387797474861145,0.055946704000234604,0.10633230209350586,0.09790016710758209,-0.18094100058078766,0.02472742274403572,0.17537930607795715,-0.10911675542593002,-0.025715837255120277,-0.029378658160567284,-0.04516347497701645,-0.05183616280555725,-0.09183262288570404,0.16868753731250763,0.1100333034992218,-0.09033273160457611,-0.1666194647550583,0.07941222190856934,-0.026735449209809303,-0.08321766555309296,0.13213147222995758,-0.14396348595619202,-0.19654646515846252,-0.238017737865448,0.04364796355366707,0.3785015344619751,0.11573103815317154,-0.19711564481258392,-0.08420906960964203,-0.03898044675588608,-0.04177720472216606,0.052850209176540375,0.035076484084129333,-0.07525790482759476,-0.07618742436170578,-0.10057107359170914,0.003269335487857461,0.14670102298259735,-0.07220490276813507,-0.06729480624198914,0.24005135893821716,-0.020639147609472275,0.10193231701850891,-0.009065145626664162,0.059517111629247665,-0.09331341832876205,0.032595857977867126,-0.09434707462787628,-0.10849227756261826,0.14753186702728271,-0.05137239396572113,-0.0437198206782341,0.08439543843269348,-0.20743951201438904,0.17330430448055267,0.0524803064763546,0.047082167118787766,0.0331466943025589,-0.04726541414856911,-0.14362940192222595,0.04283567890524864,0.2107275277376175,-0.30350977182388306,0.2526071071624756,0.20758822560310364,-0.033260807394981384,0.10771644115447998,0.13728874921798706,0.020123550668358803,-0.00419157650321722,-0.05222513899207115,-0.22469809651374817,-0.09423641115427017,0.11648721247911453,-0.00120726996101439,-0.015154659748077393,0.008802933618426323 1351.0 5091.0
-0.09610041230916977,0.10561102628707886,-0.057636767625808716,-0.07706181704998016,-0.14912284910678864,0.07993134111166,0.00995716918259859,-0.010213633999228477,0.11234232038259506,0.013324457220733166,0.2694941759109497,-0.030614245682954788,-0.27598369121551514,-0.10939166694879532,-0.007925434969365597,0.06761840730905533,-0.18787553906440735,-0.031850416213274,-0.1882927566766739,-0.15997804701328278,-0.05548625811934471,0.04661868140101433,-0.039648786187171936,-0.007985656149685383,-0.20164330303668976,-0.2250097393989563,-0.0018949976656585932,-0.10080311447381973,0.10532864183187485,-0.12247509509325027,0.034624647349119186,0.1374395191669464,-0.17327098548412323,-0.08773637562990189,0.07267384976148605,0.10722602158784866,-0.09318779408931732,0.02731330506503582,0.15407051146030426,0.005484567489475012,-0.11076181381940842,0.019757570698857307,0.07305139303207397,0.3072822690010071,0.21257908642292023,0.025397907942533493,-0.019368572160601616,-0.09655782580375671,0.15758325159549713,-0.2867143750190735,0.04729688540101051,0.22194021940231323,0.15949514508247375,0.09904653578996658,0.03263966366648674,-0.12220500409603119,0.023106353357434273,0.177922785282135,-0.14870058000087738,0.013854126445949078,0.04269719868898392,-0.13686390221118927,-0.1185799166560173,-0.0721883550286293,0.1544182449579239,0.04602330923080444,-0.12539631128311157,-0.13453364372253418,0.15874850749969482,-0.11221160739660263,-0.08066169172525406,0.12686380743980408,-0.05573638528585434,-0.1697022020816803,-0.2905709743499756,0.13064908981323242,0.3783171474933624,0.1408473700284958,-0.2236838936805725,0.009531012736260891,-0.0973254144191742,-0.04813592508435249,0.039497289806604385,0.05820921063423157,-0.13417881727218628,-0.11381707340478897,-0.07959551364183426,0.018425745889544487,0.1896323561668396,-0.1059502363204956,0.04496052861213684,0.1767692267894745,0.10137049108743668,-0.020232638344168663,0.05231720581650734,0.04192503169178963,-0.1446525603532791,-0.05757152661681175,-0.10145213454961777,-0.06235358119010925,0.12932592630386353,-0.17600873112678528,-0.008933222852647305,0.07227049767971039,-0.20661349594593048,0.258287250995636,0.04273037239909172,-0.06806906312704086,0.06140506640076637,-0.13533450663089752,0.04424937441945076,-0.011535304598510265,0.22090564668178558,-0.292961061000824,0.21337182819843292,0.16840112209320068,0.02758544683456421,0.19329297542572021,0.12179069221019745,0.0934942439198494,-0.0329977348446846,-0.00223658699542284,-0.08741497993469238,-0.1488191932439804,0.04149734973907471,-0.05791132152080536,-0.04193900525569916,-0.05191577970981598 5387.0 5489.0
-0.014094719663262367,0.025600988417863846,0.1773006021976471,-0.06980551779270172,-0.11525651812553406,0.05061054974794388,0.009931588545441628,-0.07097683846950531,0.087498240172863,-0.036457572132349014,0.12968966364860535,-0.05402145907282829,-0.3206999897956848,-0.01572170853614807,-0.006463596597313881,0.07737275213003159,-0.18370117247104645,-0.1332135647535324,-0.0875745341181755,-0.06971005350351334,-0.08176437765359879,-0.015846826136112213,0.009452980943024158,-0.013637514784932137,-0.10578089952468872,-0.34438297152519226,-0.06273255497217178,-0.04356754943728447,-0.00459339888766408,-0.023672765120863914,-0.03098277375102043,0.07982506603002548,-0.20676937699317932,0.014727049507200718,3.0664537007396575E-6,0.11417865753173828,-0.15178537368774414,-0.10170019418001175,0.21041175723075867,-0.02251313626766205,-0.16135327517986298,0.01506137102842331,0.0740605965256691,0.18278849124908447,0.251128226518631,0.005318053532391787,0.022162271663546562,-0.008828413672745228,0.15483969449996948,-0.2893327474594116,0.08879051357507706,0.21696627140045166,0.16863730549812317,0.04775724932551384,0.11326524615287781,-0.15759499371051788,-0.04606907069683075,0.11086152493953705,-0.17514534294605255,0.045468587428331375,0.014501993544399738,-0.08744650334119797,0.0019618780352175236,-0.08405429869890213,0.17390689253807068,0.11801856011152267,-0.0987715944647789,-0.14400406181812286,0.21106259524822235,-0.18006882071495056,0.016607703641057014,0.10764546692371368,-0.07751384377479553,-0.15123280882835388,-0.1678076535463333,0.03931683301925659,0.35788053274154663,0.07960060238838196,-0.1652810126543045,0.003971032798290253,-0.11057812720537186,-0.10705671459436417,0.02477584220468998,0.057111188769340515,-0.0571492463350296,0.022051258012652397,-0.10786475986242294,0.020791977643966675,0.21729037165641785,-0.0747954249382019,-0.0013460003538057208,0.21066847443580627,0.04226833954453468,-0.02984200231730938,0.06964931637048721,-0.03474533185362816,-0.07764525711536407,0.015422697179019451,-0.19270475208759308,-0.002902375301346183,-0.01743839867413044,-0.13657937943935394,-0.02508421801030636,0.0018367295851930976,-0.13528785109519958,0.13460172712802887,0.010272758081555367,-0.045402511954307556,-0.03476911410689354,-0.13440266251564026,-0.13680711388587952,-0.016914013773202896,0.22679287195205688,-0.36862239241600037,0.14199967682361603,0.0841621458530426,-0.05264762043952942,0.1308918297290802,0.026793261989951134,0.07999563217163086,0.021221214905381203,-0.0903482660651207,-0.0969444140791893,-0.08423513919115067,0.05192269757390022,-0.0116743678227067,0.038992442190647125,0.05040000006556511 5583.0 3019.0
-0.08249934017658234,0.07987944781780243,0.010690581053495407,-0.10081220418214798,-0.1227155476808548,-0.02159031108021736,-0.0064503964968025684,-0.03912776708602905,0.08601992577314377,0.0017256286228075624,0.15880858898162842,0.038269173353910446,-0.34578707814216614,-0.107169970870018,0.06232847645878792,0.07736292481422424,-0.12779340147972107,-0.1696261614561081,-0.13934513926506042,-0.10641676187515259,-0.015493607148528099,-0.022168956696987152,-0.04530099779367447,0.07011787593364716,-0.1617683321237564,-0.1953744888305664,-0.03387824073433876,-0.05851835757493973,0.09635749459266663,-0.1422504037618637,0.02589437924325466,0.12717849016189575,-0.17211022973060608,-0.08451525121927261,0.03985981643199921,0.11183334141969681,-0.044812437146902084,-0.1115671768784523,0.23942598700523376,-0.030574003234505653,-0.11591816693544388,0.010379309765994549,0.00505793048068881,0.22735977172851562,0.21486309170722961,-0.003338003996759653,0.0488399863243103,-0.017324401065707207,0.1734735667705536,-0.2554756999015808,0.11736241728067398,0.15864615142345428,0.15329255163669586,0.10032030940055847,0.03137599304318428,-0.2294829934835434,-0.009876947849988937,0.18519704043865204,-0.2252209633588791,0.10470391064882278,0.011304832994937897,-0.2148115187883377,-0.10935468971729279,-0.1834360808134079,0.12809064984321594,0.07960377633571625,-0.10597886890172958,-0.1986151933670044,0.2636045515537262,-0.1641969382762909,-0.1164996549487114,0.0881936177611351,-0.08271302282810211,-0.06059597432613373,-0.26026293635368347,0.09618997573852539,0.2438795566558838,0.20186379551887512,-0.22481746971607208,0.02014356106519699,-0.034660130739212036,-0.04691785201430321,-0.07474160939455032,0.04052095487713814,-0.08423477411270142,-0.07923432439565659,-0.05629003793001175,-0.029953569173812866,0.19573503732681274,0.056652240455150604,-0.03644128143787384,0.22217029333114624,0.0663616955280304,0.03856132924556732,0.07700297981500626,-0.027630476281046867,-0.07569930702447891,-0.06001853197813034,-0.07853318005800247,0.0066176787950098515,0.05614008754491806,-0.2080206274986267,0.021625321358442307,0.11666123569011688,-0.09110899269580841,0.20715805888175964,-0.02957470528781414,0.07661833614110947,-0.00817826297134161,0.014377832412719727,-0.10447566956281662,-0.03431529551744461,0.20716838538646698,-0.2787219285964966,0.2621058523654938,0.17170779407024384,0.07416895031929016,0.0792774111032486,0.09179794043302536,0.13308431208133698,0.028262104839086533,-0.010999671183526516,-0.1718463897705078,-0.14228732883930206,0.10082156211137772,-0.06461875140666962,0.05138394609093666,0.11507946252822876 4062.0 3488.0
-0.06817877292633057,-0.04959818348288536,0.012040708214044571,-0.04111975058913231,-0.09060516953468323,-0.07554393261671066,0.055233538150787354,-0.08743473142385483,0.12315516173839569,-0.05480948090553284,0.187230184674263,-0.10881170630455017,-0.2407926321029663,-0.0598270557820797,-0.06164691224694252,0.05771811306476593,-0.044165730476379395,-0.14258545637130737,-0.12362106889486313,-0.16064932942390442,0.07351695746183395,0.012568690814077854,-0.017487041652202606,0.001255443668924272,-0.1347547322511673,-0.29280123114585876,-0.07306256145238876,-0.10460547357797623,0.04534096643328667,-0.09046296775341034,-0.03478774055838585,0.027160100638866425,-0.2555980086326599,-0.14021088182926178,0.0418890155851841,0.05333942547440529,-0.02512313798069954,-0.01734268292784691,0.1416761577129364,0.031102823093533516,-0.137396439909935,0.05332006886601448,0.11158250272274017,0.27282288670539856,0.18357719480991364,0.09881379455327988,-0.07712225615978241,-0.003434403333812952,0.03078671358525753,-0.2831500172615051,0.07611049711704254,0.10689181089401245,0.14146868884563446,0.014306030236184597,0.15098972618579865,-0.11864969879388809,0.024312615394592285,0.03679131716489792,-0.18155428767204285,0.08880052715539932,0.09654522687196732,-0.04390931874513626,-0.08555684238672256,-0.06322750449180603,0.200374037027359,0.0404687263071537,-0.11733444780111313,-0.05786591395735741,0.10277620702981949,-0.19321909546852112,0.0036859118845313787,0.042836759239435196,-0.06594822555780411,-0.11800137907266617,-0.26865747570991516,0.097819022834301,0.4813481271266937,0.09737826138734818,-0.18763497471809387,0.03470417112112045,-0.05634038895368576,0.04186486825346947,0.14958414435386658,-0.056050244718790054,-0.04093879088759422,-0.03156621381640434,-0.10618042945861816,0.016017206013202667,0.12257872521877289,-0.0245374608784914,-0.046714216470718384,0.1532723754644394,-0.05415993183851242,0.0036237407475709915,0.0586044043302536,0.060007888823747635,-0.12392168492078781,-0.019126184284687042,-0.08316849917173386,0.04299569129943848,0.07640931010246277,-0.12528204917907715,0.0011731290724128485,0.08171989023685455,-0.14971041679382324,0.054545339196920395,-0.03623632341623306,-0.07072371244430542,-0.005376221612095833,0.014192149974405766,-0.11912120878696442,-0.03584655374288559,0.06908999383449554,-0.3316660523414612,0.18716591596603394,0.18582022190093994,-0.05365409329533577,0.09085246920585632,0.021120823919773102,-0.010556209832429886,0.02803277224302292,0.0702843889594078,-0.14587931334972382,-0.1471831500530243,-0.028780492022633553,-0.04868127033114433,0.01807987317442894,0.016493134200572968 1070.0 17.0
-0.07349056005477905,0.029178248718380928,0.08082687854766846,-0.013647593557834625,-0.10447037220001221,-0.08847333490848541,-0.0586414635181427,-0.14567965269088745,0.08472306281328201,-0.0861605554819107,0.2570214867591858,-0.07577003538608551,-0.2182503342628479,-0.1013164147734642,-0.05085866525769234,0.1912083625793457,-0.1622101217508316,-0.0973929762840271,-0.08029573410749435,-0.012666827999055386,0.08525720238685608,-0.011242329142987728,0.09480869024991989,-0.056490279734134674,-6.461870507337153E-4,-0.3412589132785797,-0.07751041650772095,-0.0884091854095459,0.05294007807970047,-7.409486570395529E-4,-0.06452766060829163,0.03786325454711914,-0.21326448023319244,-0.1119706779718399,0.04713359475135803,0.04408767446875572,-0.005941914860159159,-2.8736679814755917E-4,0.21967746317386627,-0.03611912578344345,-0.21438147127628326,-0.01814408041536808,0.07231790572404861,0.15369810163974762,0.2100989669561386,0.1077311709523201,0.0259697288274765,-0.1457122564315796,0.06841126084327698,-0.17689485847949982,0.023566799238324165,0.1300637274980545,0.10474839061498642,0.029913106933236122,0.010428596287965775,-0.0906735435128212,0.022495068609714508,0.0798739492893219,-0.10808537900447845,0.015589888207614422,0.12542712688446045,-0.08958132565021515,-0.05832969769835472,-0.05693327262997627,0.23662960529327393,-0.008589517325162888,-0.09753337502479553,-0.1533886045217514,0.10312069207429886,-0.11364815384149551,-0.0979393795132637,0.05484744906425476,-0.14625884592533112,-0.12932302057743073,-0.32720306515693665,-0.05203775316476822,0.4301435649394989,0.017447127029299736,-0.17862705886363983,0.036097776144742966,-0.09741204231977463,-0.046021707355976105,0.11657033860683441,0.08585602790117264,0.017453033477067947,0.01470109261572361,-0.10963929444551468,-0.03266415372490883,0.20450595021247864,-0.16234935820102692,0.005854583345353603,0.18543361127376556,-0.02996557019650936,0.09780192375183105,-0.019828151911497116,0.059901658445596695,-0.031033774837851524,0.03858979791402817,-0.13383476436138153,-0.05477430298924446,0.06356953829526901,-0.030391482636332512,0.017567066475749016,0.06553634256124496,-0.16419023275375366,0.03462386131286621,-0.043296463787555695,0.03736741840839386,0.04420461133122444,-0.060966506600379944,-0.07602717727422714,-0.09292399138212204,0.1187044233083725,-0.1823364645242691,0.1896364390850067,0.23177573084831238,0.0020698795560747385,0.07169891148805618,0.11472376435995102,0.08879775553941727,-0.00251557189039886,0.007174373604357243,-0.20680741965770721,-0.06356081366539001,0.05672533065080643,0.03583141788840294,0.05318651720881462,0.0264033954590559 4756.0 1563.0
-0.09136442095041275,0.1315092295408249,0.03176559507846832,-0.0018290134612470865,-0.07327837496995926,-0.032196927815675735,-0.027837632223963737,-0.2021597921848297,0.14501827955245972,-0.09760751575231552,0.2208632528781891,0.03926236927509308,-0.13654407858848572,0.006083357613533735,-0.1291842758655548,0.12432018667459488,-0.11553313583135605,-0.10833621025085449,-0.14900636672973633,-0.07395286858081818,-0.05022228881716728,0.06351086497306824,0.006716457195580006,-0.023993469774723053,-0.05494201183319092,-0.2730499804019928,-0.0738515853881836,-0.049651794135570526,0.12005604803562164,-0.034867189824581146,0.11221136897802353,0.016352375969290733,-0.16982583701610565,-0.05437387153506279,0.047291819006204605,0.04135094955563545,-0.08593524247407913,-0.04066052287817001,0.3004261255264282,0.06149745360016823,-0.2000715285539627,0.10349301248788834,0.04697836562991142,0.3114330470561981,0.10392295569181442,-0.018233316019177437,0.06554177403450012,-0.12901195883750916,0.16404379904270172,-0.18630146980285645,0.02811051346361637,0.133408784866333,0.17495428025722504,0.025996576994657516,0.10287316888570786,-0.1307743787765503,0.007286204490810633,0.1910979449748993,-0.16263236105442047,0.10350020974874496,0.0921420231461525,-0.025755930691957474,-0.029296131804585457,-0.020547209307551384,0.18459749221801758,0.11569841206073761,-0.08823782950639725,-0.14778979122638702,0.22867073118686676,-0.08516284078359604,-0.05779376998543739,0.08779750019311905,-0.043640393763780594,-0.13306136429309845,-0.24306879937648773,0.03788231313228607,0.41612932085990906,0.08773548156023026,-0.14920322597026825,-0.004570001270622015,-0.10039906203746796,-0.010799364186823368,0.030980480834841728,0.038421936333179474,-0.11994503438472748,-0.08198446035385132,-0.04904799163341522,-0.06601709872484207,0.22424817085266113,0.049913473427295685,-0.07898690551519394,0.15841178596019745,0.012796686962246895,-0.04236309230327606,-0.016326455399394035,0.03446706756949425,-0.19884471595287323,-0.029807815328240395,-0.10808920115232468,-0.097891665995121,0.04972486570477486,-0.051991913467645645,0.05269210413098335,0.15641072392463684,-0.2148582935333252,0.21142342686653137,-0.047640081495046616,0.008116488344967365,0.0805923193693161,0.09779822081327438,-0.033368069678545,0.015630187466740608,0.16090233623981476,-0.21396493911743164,0.2809896767139435,0.10871082544326782,-0.029157137498259544,0.08655901998281479,0.13776175677776337,0.02764948271214962,-0.016098082065582275,0.04656132310628891,-0.15918076038360596,-0.18086639046669006,-0.018572594970464706,-0.05924871563911438,0.05275719240307808,0.023891456425189972 5050.0 1627.0
-0.0611317940056324,0.03132586181163788,0.13184653222560883,0.00426690885797143,-0.07327696681022644,0.04142351821064949,0.06167234107851982,-0.05598717927932739,0.1861504465341568,-0.10586660355329514,0.21017956733703613,-0.00916950311511755,-0.16331051290035248,-0.025555605068802834,-0.0477646104991436,0.11465754359960556,-0.1100785881280899,-0.19750912487506866,-0.10239945352077484,-0.059412408620119095,0.07178205251693726,0.014502297155559063,-0.07622294127941132,0.008603367023169994,-0.1525476723909378,-0.2506367564201355,-0.059570327401161194,-0.12083674222230911,0.11589884012937546,-0.06957133859395981,0.030007852241396904,6.955712451599538E-4,-0.13479934632778168,-0.02838587947189808,0.004167136736214161,0.051288019865751266,-0.02124953269958496,-0.10552768409252167,0.22493772208690643,-0.004412560723721981,-0.18811947107315063,0.06194757670164108,0.01094295084476471,0.3238440454006195,0.1102508008480072,0.03440011665225029,0.022496413439512253,-0.060582831501960754,0.2032647281885147,-0.27752408385276794,0.15158452093601227,0.10928710550069809,0.23190169036388397,0.0952068641781807,0.07402104139328003,-0.1748826652765274,0.08644889295101166,0.13888920843601227,-0.28006431460380554,0.16256727278232574,0.08950550109148026,-0.031087784096598625,0.028395673260092735,-0.04552490636706352,0.17755334079265594,0.11652006208896637,-0.0699436143040657,-0.1496289074420929,0.15834949910640717,-0.163373202085495,-0.019588526338338852,0.09295239299535751,-0.1498437076807022,-0.12371096760034561,-0.25919419527053833,0.022949697449803352,0.4464389979839325,0.1331515610218048,-0.1760263293981552,-0.03399791195988655,-0.06270068138837814,0.05687012895941734,0.09497927129268646,0.03290163353085518,-0.08693794906139374,-0.06891580671072006,-0.09724268317222595,-0.006791721563786268,0.23214460909366608,0.004859497305005789,-0.08331847935914993,0.1929013878107071,0.05292795971035957,-0.09025110304355621,-0.012930361554026604,-0.027763022109866142,-0.04432646185159683,0.018178295344114304,-0.043091967701911926,0.013654050417244434,-0.02815517596900463,-0.04570458084344864,0.02373526245355606,0.08109298348426819,-0.24343092739582062,0.1916019469499588,-0.029594069346785545,0.044884778559207916,0.02453271672129631,0.01170866284519434,-0.14014242589473724,0.016816221177577972,0.19509941339492798,-0.2607935965061188,0.17502905428409576,0.14864760637283325,0.07730066031217575,0.08947495371103287,0.008000855334103107,0.04140540584921837,-0.005672519560903311,-0.01499881874769926,-0.20403927564620972,-0.0433741956949234,0.040482692420482635,-0.0914464071393013,0.050998810678720474,0.08490290492773056 2709.0 2713.0
-0.12244115024805069,0.06713975220918655,0.13811904191970825,-0.15599562227725983,-0.15976260602474213,-0.021752307191491127,-0.004238953348249197,-0.13697706162929535,0.1941472589969635,-0.09932243078947067,0.12719444930553436,0.03638133406639099,-0.2981518507003784,-0.028124025091528893,0.027270717546343803,0.20636378228664398,-0.13288435339927673,-0.21772566437721252,-0.14127479493618011,-0.057184893637895584,-0.05651867389678955,0.04400460794568062,0.07854345440864563,0.00909427274018526,-0.13035717606544495,-0.31164783239364624,-0.09531401842832565,0.05281618610024452,0.01247802097350359,0.021757174283266068,0.04037768021225929,0.19873720407485962,-0.163034126162529,0.009653622284531593,0.04576518386602402,0.16800759732723236,-0.11369755864143372,-0.12469712644815445,0.12127020955085754,0.016276316717267036,-0.30615371465682983,-0.0024605311919003725,0.06880731135606766,0.19257910549640656,0.28783220052719116,-0.013135631568729877,0.06276942044496536,-0.049084242433309555,0.08169279992580414,-0.32439276576042175,0.036456841975450516,0.1738307625055313,0.06512998789548874,0.06194967031478882,0.10518710315227509,-0.15880811214447021,0.031945161521434784,0.18089763820171356,-0.17939823865890503,-0.010646077804267406,0.06655532866716385,-0.1566469371318817,0.03085949458181858,-0.10109125077724457,0.12408097833395004,0.12030626833438873,-0.13755132257938385,-0.14429329335689545,0.17788776755332947,-0.14786650240421295,-0.07639745622873306,0.09457290917634964,-0.16941791772842407,-0.17389623820781708,-0.30821889638900757,0.021683193743228912,0.4118594825267792,0.1672932505607605,-0.05113138630986214,0.054460711777210236,-0.045582983642816544,0.02850222960114479,-0.05892697349190712,0.09091643244028091,-0.0897984653711319,-0.08759284764528275,-0.09338518977165222,-0.02785748615860939,0.21907368302345276,-0.04836259409785271,-0.04404199868440628,0.25720125436782837,0.04745865985751152,0.007136698346585035,-0.035712484270334244,0.05776871740818024,-0.033878520131111145,0.020739562809467316,-0.13418422639369965,-0.016865497455000877,-0.06404893845319748,-0.10146450996398926,0.03024943731725216,0.07649286091327667,-0.13121987879276276,0.16326288878917694,0.01450659055262804,0.054841138422489166,-0.015140090137720108,0.035276416689157486,-0.08157674968242645,-0.07439737021923065,0.10471396148204803,-0.2811354100704193,0.1785704344511032,0.26454320549964905,0.011252478696405888,0.13199715316295624,0.11735799163579941,0.11634652316570282,0.03803589567542076,-0.026324128732085228,-0.01605774089694023,-0.09526389837265015,0.07988383620977402,-0.006182524375617504,0.024590734392404556,0.1415613740682602 666.0 644.0
-0.08194058388471603,0.0961553230881691,0.06927820295095444,-0.07780096679925919,-0.14147303998470306,0.05595932528376579,-0.05168989673256874,-0.12638738751411438,0.1111498475074768,-0.06911467760801315,0.19179761409759521,-0.01633353717625141,-0.2519455552101135,-0.06325562298297882,-0.03934108838438988,0.09153792262077332,-0.15347781777381897,-0.09186495095491409,-0.1643945872783661,-0.11532817035913467,-0.05906814709305763,0.030819162726402283,0.03361112251877785,-0.1231362521648407,-0.24371805787086487,-0.26406130194664,-0.09166504442691803,-0.15520501136779785,-0.01760510727763176,-0.14555257558822632,0.05210446938872337,0.0427420400083065,-0.17829889059066772,-0.04191172122955322,-0.013504217378795147,0.03442570939660072,-0.07409927248954773,3.5350609687156975E-4,0.10951009392738342,0.02149375155568123,-0.12381526827812195,0.02834138832986355,0.030385727062821388,0.21962180733680725,0.26355335116386414,0.03265567868947983,0.024765003472566605,-0.09983159601688385,0.11623204499483109,-0.2500074505805969,0.051458779722452164,0.09045261144638062,0.11275235563516617,0.11727909743785858,0.11562202125787735,-0.11708683520555496,0.04320140928030014,0.1256794035434723,-0.1703580766916275,0.09207160025835037,0.10034236311912537,-0.11472448706626892,-0.054605863988399506,-0.03219028562307358,0.18732620775699615,0.057591892778873444,-0.11218275874853134,-0.05334228277206421,0.22753667831420898,-0.07097189873456955,-0.025535304099321365,0.04561593011021614,-0.07689002901315689,-0.1843634396791458,-0.2701491415500641,0.06267273426055908,0.37882494926452637,0.15025697648525238,-0.1929355412721634,-0.04850897565484047,-0.11095532029867172,-0.004363878630101681,-0.02532052993774414,-0.009067160077393055,-0.09218761324882507,-0.08194366842508316,-0.030173372477293015,0.0412151925265789,0.20774778723716736,-0.08454053103923798,0.019906556233763695,0.19872166216373444,-0.015699954703450203,-0.03786751627922058,0.038284868001937866,0.044254858046770096,-0.13464166224002838,-0.012915180064737797,-0.06508845090866089,0.015076796524226665,0.04665866121649742,-0.22620441019535065,0.004770766012370586,0.0644003376364708,-0.14795581996440887,0.2515123784542084,4.288123163860291E-4,-0.05334989354014397,-0.05288337543606758,-0.08517679572105408,-0.017121966928243637,0.06785821914672852,0.2553856074810028,-0.2906648516654968,0.27778369188308716,0.20583857595920563,-0.012602447532117367,0.1729920208454132,0.049003966152668,0.08935202658176422,-0.06755436956882477,0.02293289639055729,-0.11555144190788269,-0.15503163635730743,-0.009557178243994713,-0.05652181804180145,0.016276860609650612,0.07834799587726593 5391.0 1998.0
-0.09497854113578796,0.07432886213064194,-0.0033291655126959085,-0.08070102334022522,-0.15581810474395752,-0.05306055769324303,-0.0425897091627121,-0.08036349713802338,0.14446699619293213,-0.04840677231550217,0.1539866328239441,-0.05159641429781914,-0.2901957333087921,-0.0010335621191188693,-0.09585187584161758,0.0973718911409378,-0.22189553081989288,-0.10357613116502762,-0.06344669312238693,-0.22345545887947083,-0.027456067502498627,0.04245968535542488,-0.04732544347643852,-0.025343598797917366,-0.14000403881072998,-0.22655858099460602,-0.05313542112708092,-0.11962351948022842,0.07588104158639908,-0.11920628696680069,0.06677670031785965,0.08341442793607712,-0.23022781312465668,-0.1171523779630661,0.0022764273453503847,0.04792158305644989,-0.042869821190834045,-0.03403322771191597,0.2044558823108673,0.07435093075037003,-0.08529593795537949,0.06221850961446762,0.06859969347715378,0.28184354305267334,0.2060822695493698,0.0355340950191021,-0.06256937235593796,-0.05819111317396164,0.1946403682231903,-0.24551324546337128,0.06365688890218735,0.18342225253582,0.19438327848911285,0.06608577072620392,0.09705294668674469,-0.10096117854118347,0.038751471787691116,0.06752488762140274,-0.16676507890224457,0.06207921728491783,0.13238979876041412,-0.0745791420340538,-0.049200136214494705,-0.04931718111038208,0.10906228423118591,0.003969931975007057,0.0022176257334649563,-0.09219706058502197,0.30405470728874207,-0.10301215201616287,-0.11896307021379471,0.04177206754684448,-0.029929356649518013,-0.10674309730529785,-0.2259194403886795,0.10065555572509766,0.27331221103668213,0.13912679255008698,-0.14448422193527222,0.03592464700341225,-0.04577602073550224,-0.0657062754034996,0.01731240563094616,-0.04756841063499451,-0.06713993102312088,-0.12264898419380188,-0.0668637827038765,0.024698462337255478,0.2025155872106552,-0.0504816435277462,-0.007291402202099562,0.1803632378578186,0.04806678742170334,-0.005753810983151197,0.07049904763698578,0.03669978305697441,-0.1660040318965912,0.006527327932417393,-0.15943728387355804,-0.022010575979948044,0.1551257073879242,-0.1304532140493393,-0.025449199602007866,0.10519897937774658,-0.16668826341629028,0.1659880429506302,-0.010261017829179764,-0.09563867747783661,-0.06753746420145035,-0.03206121549010277,-0.06685762852430344,0.051716145128011703,0.20745821297168732,-0.19745168089866638,0.30303525924682617,0.15243792533874512,-0.026482874527573586,0.10198070108890533,0.05847308039665222,-0.004355753306299448,0.004721045959740877,-0.060122307389974594,-0.14819301664829254,-0.25570353865623474,0.009254980832338333,-0.030591236427426338,-0.03971421718597412,0.08139122277498245 3764.0 1728.0
-0.00829184427857399,0.21915166079998016,0.04007020592689514,0.0055266739800572395,-0.15094870328903198,0.046567153185606,0.028209106996655464,-0.08901266753673553,0.12952741980552673,-0.004561246372759342,0.29639649391174316,0.01533040776848793,-0.31697145104408264,-0.1503283828496933,0.07019098848104477,0.12586891651153564,-0.17195621132850647,-0.10392257571220398,-0.15266510844230652,-0.013083791360259056,0.010423737578094006,0.011959724128246307,0.025006715208292007,-0.021532680839300156,-0.12677906453609467,-0.3285733759403229,-0.033665675669908524,-0.07836564630270004,0.06707119941711426,-0.20713716745376587,0.03496282547712326,0.10055939853191376,-0.1637255847454071,-0.11275096237659454,0.03011758252978325,0.008794529363512993,-0.10047393292188644,-0.0946550965309143,0.13383398950099945,-0.052556801587343216,-0.14827144145965576,0.031187428161501884,0.03765149414539337,0.2201738953590393,0.21688701212406158,-0.009048732928931713,0.02397342212498188,-0.08661051839590073,0.09237208962440491,-0.31643709540367126,0.09696074575185776,0.10361088812351227,0.17023953795433044,0.14434251189231873,0.09662744402885437,-0.20796625316143036,0.03255339339375496,0.09377190470695496,-0.24017275869846344,0.06718681752681732,0.10727425664663315,-0.06834704428911209,-0.02957450971007347,-0.06337332725524902,0.17747299373149872,0.11149526387453079,-0.0923311784863472,-0.14488349854946136,0.07380589097738266,-0.1436435878276825,-0.07040224224328995,0.09090618789196014,-0.08457989245653152,-0.19578546285629272,-0.2761228680610657,0.09581373631954193,0.32354027032852173,0.19922468066215515,-0.26099058985710144,-0.08796993643045425,-0.05119498819112778,0.018041707575321198,0.02459881082177162,-0.01728762499988079,-0.09782318025827408,-0.13496120274066925,-0.09570653736591339,0.011553648859262466,0.1850331723690033,-0.031922146677970886,-0.09110561013221741,0.289534330368042,0.016599120572209358,-0.003840099787339568,0.06877502053976059,-0.01862330362200737,-0.018564114347100258,0.00915510579943657,-0.09261500835418701,0.03637412562966347,0.02498508244752884,-0.21302124857902527,-0.044511619955301285,0.07145142555236816,-0.12858010828495026,0.17798447608947754,-0.005365944933146238,0.05677199736237526,0.03318196162581444,-0.049641598016023636,-0.16960284113883972,0.019773166626691818,0.21079832315444946,-0.3309774696826935,0.35964059829711914,0.16850720345973969,0.03369999676942825,0.11782065778970718,0.0640605017542839,0.10997031629085541,0.0038741740863770247,-0.05543564632534981,-0.07173626124858856,-0.09988986700773239,0.11707086116075516,-0.09202466905117035,0.016359960660338402,0.0024661412462592125 210.0 3732.0
-0.10528010874986649,-0.005199120379984379,0.10447926074266434,-0.08175655454397202,-0.09438049793243408,-0.1333075910806656,0.020670203492045403,-0.15180236101150513,0.14002563059329987,-0.019087523221969604,0.08685275167226791,-0.03533463552594185,-0.2635328471660614,0.06008949130773544,-0.059984322637319565,0.09888191521167755,-0.16447027027606964,-0.19225190579891205,-0.10212765634059906,-0.07155957072973251,-0.016325943171977997,0.06944683939218521,0.05305394157767296,0.02043401636183262,-0.12493795156478882,-0.25112348794937134,-0.1370612382888794,-0.0958278700709343,0.03325778618454933,0.0709044486284256,0.04532397910952568,0.07230192422866821,-0.18264135718345642,-0.038441937416791916,0.13419628143310547,0.03775198012590408,-0.1132487878203392,-0.12524673342704773,0.20211555063724518,-0.07617061585187912,-0.21860052645206451,-0.051996443420648575,0.11528326570987701,0.17279939353466034,0.2681981027126312,-0.019372843205928802,-0.010227148421108723,-0.09852969646453857,0.07238335907459259,-0.2620760500431061,0.012963812798261642,0.17090155184268951,0.0390436016023159,0.12097489833831787,-0.0024485469330102205,-0.14319053292274475,0.046430692076683044,0.2365463823080063,-0.2178684026002884,0.007827488705515862,0.021451670676469803,-0.19290243089199066,-0.041580889374017715,0.005425930954515934,0.14273087680339813,0.06789501756429672,-0.14325539767742157,-0.16105681657791138,0.178711399435997,-0.22225798666477203,-0.013536580838263035,0.08576590567827225,-0.1250644475221634,-0.15791359543800354,-0.19631986320018768,-0.018575090914964676,0.5042932033538818,0.06127280369400978,-0.09198436886072159,0.08997104316949844,-0.12749721109867096,-0.009772757068276405,-0.025304388254880905,0.04684442654252052,-0.08869221806526184,-0.07872790098190308,-0.11189226061105728,-0.031590696424245834,0.22153393924236298,-0.07830851525068283,-0.009385423734784126,0.1663816273212433,0.0034668929874897003,3.514897543936968E-4,0.07052377611398697,0.06193448603153229,-0.09985088557004929,-0.04019490256905556,-0.13774524629116058,-0.07698195427656174,-0.04278332367539406,-0.045049816370010376,0.0017770177219063044,0.11032121628522873,-0.12683503329753876,0.17590513825416565,0.04427463188767433,-0.05228136107325554,-0.009620554745197296,-0.06940598040819168,0.020952600985765457,-0.10397076606750488,0.13143952190876007,-0.22146126627922058,0.16801214218139648,0.149687722325325,0.028128189966082573,0.20300504565238953,-0.014353600330650806,0.05251399055123329,-0.02600516937673092,0.007121060509234667,-0.12014564126729965,-0.05063343793153763,0.07355725020170212,0.04652157798409462,0.05698535218834877,0.019085267558693886 3378.0 902.0
-0.15873655676841736,0.011906194500625134,0.08149895071983337,-0.08250384032726288,-0.0910729393362999,-0.05049606412649155,-0.029676448553800583,-0.10809982568025589,0.11214770376682281,-0.10180673748254776,0.2296469658613205,-0.05510963127017021,-0.2990122437477112,-0.021247826516628265,-0.0956074446439743,0.20407290756702423,-0.1525963842868805,-0.18504241108894348,-0.08194320648908615,-0.04815174639225006,0.08160067349672318,0.055153053253889084,0.020763784646987915,0.16197089850902557,-0.11953181773424149,-0.3289656937122345,0.007925412617623806,-0.0479222908616066,0.0011329799890518188,-0.08372282236814499,0.08375824987888336,0.0820934921503067,-0.22010457515716553,0.03203959763050079,0.031394023448228836,0.20728318393230438,-0.03339632600545883,-0.10807669162750244,0.20060871541500092,0.029826493933796883,-0.33397287130355835,-0.07133665680885315,0.10949616879224777,0.2764935791492462,0.19288890063762665,-0.003706157673150301,0.016081692650914192,-0.07040625810623169,0.09975111484527588,-0.38335856795310974,-0.006252188701182604,0.13759122788906097,0.031693313270807266,0.04448087885975838,0.08905597031116486,-0.2809305191040039,0.07898382842540741,0.09071777760982513,-0.21911635994911194,0.04994572326540947,0.06322098523378372,-0.13223841786384583,0.040839117020368576,-0.05832084268331528,0.2185218632221222,0.08160334080457687,-0.15312469005584717,-0.15790291130542755,0.19306336343288422,-0.23459628224372864,-0.03528064489364624,0.20478323101997375,-0.06401939690113068,-0.20896083116531372,-0.33754047751426697,-0.03301830217242241,0.3642740547657013,0.1693035513162613,-0.13748160004615784,0.08729640394449234,-0.019042404368519783,0.07858727872371674,0.08888109773397446,0.127822607755661,0.009709442965686321,0.09059760719537735,-0.17502959072589874,-0.02330845780670643,0.179718017578125,0.03134407103061676,-0.0362614281475544,0.28819406032562256,-0.0017985799349844456,-0.021145429462194443,0.1099204495549202,0.128832146525383,-0.14221589267253876,-0.01436321809887886,-0.1826246827840805,-0.015518972650170326,-0.006525889039039612,-0.03729217126965523,0.059818413108587265,0.03617784008383751,-0.1350139081478119,0.14056622982025146,-0.08160045742988586,-1.9787884957622737E-4,-0.05683162435889244,-0.006363971624523401,-0.11808967590332031,0.008095062337815762,0.1424606442451477,-0.30189937353134155,0.22146520018577576,0.1724482774734497,0.05247138813138008,0.1521485298871994,0.15464380383491516,0.06362926959991455,-0.031129617244005203,-0.08403101563453674,-0.12437896430492401,-0.07732979953289032,-0.007149642799049616,-0.1085088923573494,0.09650860726833344,0.026988912373781204 3183.0 4089.0
-0.04029000550508499,0.13493409752845764,0.004250002559274435,-0.10048472136259079,-0.08977366983890533,0.027754975482821465,-0.01812339946627617,-0.11030973494052887,0.14695359766483307,-0.026373056694865227,0.20959524810314178,0.004878002218902111,-0.26953086256980896,0.015426764264702797,-0.03640506789088249,0.014765807427465916,-0.1482727825641632,-0.09373179078102112,-0.1031280905008316,-0.117155060172081,0.0315532423555851,0.0014920493122190237,-0.049569789320230484,0.05898864567279816,-0.21784767508506775,-0.15297722816467285,-0.06726214289665222,-0.04289604350924492,0.09715790301561356,-0.16789299249649048,0.07618996500968933,0.07638389617204666,-0.18342767655849457,-0.0517236590385437,0.0056661032140254974,0.024095749482512474,-0.025220530107617378,-0.12401428818702698,0.19773752987384796,0.0016283896984532475,-0.12710629403591156,0.10981611907482147,0.007754480000585318,0.26454150676727295,0.13901418447494507,-0.03152051568031311,0.01139196939766407,-0.12308396399021149,0.1453527957201004,-0.18005630373954773,0.009215624071657658,0.2036036252975464,0.1717519760131836,-0.003478116588667035,0.05600722134113312,-0.18219126760959625,0.05242875963449478,0.12957032024860382,-0.19364327192306519,0.11242155730724335,0.09531587362289429,-0.08468886464834213,0.03238893672823906,-0.07991867512464523,0.07802248746156693,-3.5269444924779236E-4,-0.12171287834644318,-0.10649347305297852,0.14697147905826569,-0.05698802322149277,-0.03357621282339096,0.11425426602363586,-0.07315029948949814,-0.19568069279193878,-0.2235315889120102,0.09372362494468689,0.379395067691803,0.15439847111701965,-0.18706198036670685,0.05350560322403908,-0.13093164563179016,-0.048078685998916626,-0.008989481255412102,-0.008640880696475506,-0.1739552915096283,-0.12395131587982178,-0.10315454751253128,0.07998336851596832,0.23408733308315277,0.04741740599274635,-0.03198051452636719,0.20691615343093872,0.01902048848569393,-0.039235565811395645,0.0026077365037053823,0.0608195923268795,-0.21798175573349,0.025376927107572556,-0.035353269428014755,0.02586483024060726,0.08526858687400818,-0.18766114115715027,0.017238495871424675,0.16430388391017914,-0.21715019643306732,0.1850060373544693,0.011442280374467373,-0.04598753899335861,0.011425098404288292,0.01907448284327984,-0.13842472434043884,0.04037024825811386,0.20610100030899048,-0.3243177831172943,0.20771755278110504,0.14103391766548157,0.07900846004486084,0.08171476423740387,0.1406179964542389,0.03662056848406792,0.01740696281194687,-0.0015314684715121984,-0.12732316553592682,-0.14557267725467682,0.04893665015697479,-0.09439853578805923,0.08396144211292267,0.022068671882152557 5486.0 289.0
-0.12263765186071396,0.12584525346755981,0.06324230134487152,-0.043622441589832306,-0.11320734769105911,-0.012637672014534473,-0.016019927337765694,-0.10694479942321777,0.24003511667251587,-0.11787498742341995,0.14062835276126862,0.0013490674318745732,-0.2542436718940735,0.06410320103168488,-0.05742628127336502,0.1854025423526764,-0.1244053766131401,-0.1806158423423767,-0.1528986096382141,-0.0343300960958004,0.034310486167669296,0.056312546133995056,0.03265022858977318,-0.0018640217604115605,-0.1841280460357666,-0.3097124397754669,-0.0535723939538002,-0.004138346295803785,0.01814410276710987,-0.05342337116599083,0.0332702100276947,0.14775684475898743,-0.15173019468784332,0.03467224910855293,0.11087014526128769,0.09550261497497559,-0.021734915673732758,-0.06423772871494293,0.23585522174835205,-0.01686958037316799,-0.2568158209323883,-0.04765317961573601,0.08881381154060364,0.13744096457958221,0.21552535891532898,-0.021483290940523148,0.03371976688504219,-0.19466274976730347,0.13032841682434082,-0.29979291558265686,0.020776081830263138,0.16532161831855774,-0.002128491410985589,0.11710727214813232,0.08202524483203888,-0.1935736984014511,0.022736813873052597,0.18694253265857697,-0.205185666680336,-0.009585825726389885,0.04380757734179497,-0.14685411751270294,-0.1255626380443573,-0.016231894493103027,0.15133583545684814,0.12614870071411133,-0.14602689445018768,-0.20357924699783325,0.2357320487499237,-0.1445227861404419,-0.011194414459168911,0.11490465700626373,-0.043099746108055115,-0.17346155643463135,-0.23489362001419067,-0.015177905559539795,0.4383530020713806,0.058328624814748764,-0.16553586721420288,0.07098282128572464,-0.09359274059534073,-0.0351204089820385,-0.007982829585671425,0.04468829184770584,-0.09184323251247406,-0.15028928220272064,-0.07486353069543839,-0.026641136035323143,0.25762054324150085,-0.0018333924235776067,0.013707180507481098,0.19002550840377808,0.03664156422019005,-0.016601087525486946,0.018512267619371414,0.1511193960905075,-0.1472032368183136,-0.03249349817633629,-0.12206019461154938,-0.05686718598008156,0.005706740543246269,-0.07100667804479599,-0.05854059010744095,0.11312106996774673,-0.19890935719013214,0.1961899995803833,-0.01918550208210945,-0.043277937918901443,0.03196409344673157,-0.0329383946955204,-0.049266405403614044,-0.03398532047867775,0.1269432008266449,-0.30124804377555847,0.20639029145240784,0.12490621954202652,-0.03740056976675987,0.194130539894104,0.060445092618465424,0.1388329118490219,0.04542788863182068,-0.0035366658121347427,-0.13354042172431946,-0.12871153652668,0.05903344601392746,-0.026094922795891762,-0.055840831249952316,0.01583782769739628 4292.0 4291.0
-0.1655811369419098,0.11870799213647842,0.019934220239520073,-0.010867278091609478,-0.1848118007183075,0.05029923468828201,0.07465347647666931,-0.13380441069602966,0.15935608744621277,0.014671899378299713,0.26794150471687317,-0.022062011063098907,-0.26268959045410156,-0.07692737877368927,0.004209835547953844,0.12424135953187943,-0.09590370208024979,-0.08048085123300552,-0.19555127620697021,-0.08833958953619003,0.006062671076506376,0.04329703748226166,0.012786162085831165,0.07972408831119537,-0.18126027286052704,-0.24421119689941406,-0.03903774917125702,-0.12438450753688812,-0.027321483939886093,-0.12032376974821091,0.047790005803108215,0.1047728881239891,-0.14819446206092834,-0.11667197942733765,0.034679215401411057,0.005411964841187,-0.15626823902130127,-0.026245255023241043,0.24983462691307068,-0.102069191634655,-0.18202227354049683,-0.028924772515892982,0.09259073436260223,0.2085869014263153,0.19797669351100922,-0.03981520235538483,0.05031401664018631,-0.10233046859502792,0.15241646766662598,-0.20482468605041504,0.01624469645321369,0.16226781904697418,0.1519227921962738,0.09383861720561981,0.06293230503797531,-0.10159070789813995,-0.036344192922115326,0.17899827659130096,-0.12629587948322296,0.09604363143444061,0.08835043013095856,-0.1449023336172104,-0.035931073129177094,-0.07594985514879227,0.15527574717998505,0.0610354021191597,-0.09285848587751389,-0.15269282460212708,0.14135858416557312,-0.1449224203824997,-0.08892720937728882,0.15786154568195343,-0.10983718931674957,-0.2607589364051819,-0.2464618980884552,0.050765980035066605,0.395128458738327,0.11661920696496964,-0.2388637661933899,-0.0668349638581276,-0.06682922691106796,-0.04490421339869499,0.04720783233642578,0.06166914105415344,-0.06493739038705826,-0.08193877339363098,-0.08796025067567825,0.004011817742139101,0.2831881046295166,-0.04982149973511696,-0.0035533737391233444,0.3133823573589325,0.09472910314798355,-0.02923659048974514,0.0625929981470108,0.025383153930306435,-0.053443048149347305,1.9896792946383357E-4,-0.07887307554483414,0.04154416546225548,0.025685777887701988,-0.11180654168128967,0.04930353909730911,0.01457908283919096,-0.08920066058635712,0.21008223295211792,-0.019194021821022034,0.09699759632349014,-0.06053771451115608,-0.08475425094366074,-0.12528543174266815,-0.009129738435149193,0.24065449833869934,-0.19815945625305176,0.19988656044006348,0.05689588561654091,-0.016767986118793488,0.11336272209882736,0.08119235187768936,0.11364330351352692,-0.012657049112021923,0.001129388459958136,-0.10232298076152802,-0.039004065096378326,0.17342470586299896,-0.09695056080818176,0.0861869677901268,0.007436264771968126 949.0 5477.0
-0.17746250331401825,0.14318734407424927,0.055312447249889374,-0.11428317427635193,-0.13669562339782715,-0.04105687886476517,0.01734226383268833,-0.170488640666008,0.23919278383255005,-0.09416802227497101,0.16395951807498932,-0.12179379165172577,-0.28582650423049927,-0.03217373415827751,0.014117620885372162,0.17523181438446045,-0.20907346904277802,-0.258283406496048,-0.1128222793340683,-0.05426384508609772,-0.033039066940546036,0.006003736052662134,0.01752699911594391,0.1031341627240181,-0.16907930374145508,-0.30883273482322693,-0.07808900624513626,-0.09236016124486923,-0.029553204774856567,-0.12534816563129425,0.10692556947469711,0.10394997149705887,-0.21365654468536377,-0.011496806517243385,0.06660758703947067,0.1766231656074524,-0.026966700330376625,-0.22291900217533112,0.16690583527088165,-0.09533792734146118,-0.2675371766090393,-0.17844916880130768,0.09858255833387375,0.2351268082857132,0.19862625002861023,-0.10820166021585464,-0.011097793467342854,-0.032821908593177795,0.18614162504673004,-0.30917036533355713,-0.006528392434120178,0.1803775429725647,0.010480756871402264,0.08031348884105682,0.1175021231174469,-0.18890507519245148,0.056602660566568375,0.17988716065883636,-0.17057237029075623,0.021028505638241768,0.10966137796640396,-0.1439933478832245,0.006479399278759956,-0.09583146870136261,0.16175152361392975,0.11329866200685501,-0.16441521048545837,-0.1296282559633255,0.13975585997104645,-0.15408891439437866,-0.0021360660903155804,0.09257671236991882,-0.1524088829755783,-0.25730353593826294,-0.2793566882610321,-0.022116156294941902,0.39477336406707764,0.12385044991970062,-0.10921235382556915,0.029962394386529922,-0.02053394541144371,0.02559967339038849,-0.023150140419602394,0.17671717703342438,-9.448849596083164E-4,0.01063645351678133,-0.13264667987823486,0.07113606482744217,0.26560521125793457,-0.04600023478269577,-0.013561905361711979,0.25490257143974304,-0.11287915706634521,-0.06755609065294266,-0.024307778105139732,0.0635208785533905,-0.06556054204702377,0.01633533276617527,-0.07646172493696213,0.09530259668827057,0.02219969779253006,-0.07877355813980103,-0.06660358607769012,0.06057201698422432,-0.11765103042125702,0.067161925137043,0.030280297622084618,0.032193366438150406,-0.11475849896669388,-0.11563453078269958,-0.09063524007797241,9.233419405063614E-5,0.18259410560131073,-0.2835458517074585,0.23088133335113525,0.15948708355426788,-0.05239042267203331,0.18758094310760498,0.02016705647110939,0.07952871918678284,0.07701880484819412,-0.07775191962718964,-0.05499856919050217,-0.1006760224699974,0.029006579890847206,0.01330465916544199,-0.013116025365889072,0.009845062159001827 2814.0 4730.0
-0.09886753559112549,0.10442131757736206,0.013778051361441612,-0.15767918527126312,-0.08847706764936447,0.02841837890446186,-0.06800729781389236,-0.030912768095731735,0.14555321633815765,0.04076172038912773,0.2078149914741516,0.036548513919115067,-0.25633978843688965,-0.11010967940092087,-0.058954812586307526,0.025522127747535706,-0.18264564871788025,-0.07108289748430252,0.025656437501311302,-0.05677995830774307,0.023249993100762367,0.0377972237765789,0.03983001410961151,0.030111506581306458,-0.14051783084869385,-0.3075050711631775,-0.02764086425304413,-0.1733105331659317,0.06186940148472786,-0.1486557126045227,-0.011597774922847748,0.05576007813215256,-0.23817701637744904,-0.08873851597309113,-0.007614239118993282,0.09813904017210007,-0.1038040816783905,-0.08653037995100021,0.21344731748104095,-0.02676352858543396,-0.0509474016726017,-0.024891050532460213,0.031041661277413368,0.26236793398857117,0.15256386995315552,-0.03705836832523346,0.07353843748569489,-0.0495666041970253,0.12309680134057999,-0.28101876378059387,0.11256254464387894,0.18145090341567993,0.04303138330578804,0.051366355270147324,0.05920097976922989,-0.16307856142520905,-0.025341708213090897,0.16713371872901917,-0.13982628285884857,0.14229799807071686,0.03836740553379059,-0.01284780539572239,-0.13504891097545624,-0.11588571220636368,0.18457451462745667,0.05969378352165222,-0.116070955991745,-0.12998583912849426,0.17698028683662415,-0.06372047960758209,-0.05460917577147484,0.09894110262393951,-0.1114376112818718,-0.19679170846939087,-0.1668781042098999,0.1496340036392212,0.2527030110359192,0.16229277849197388,-0.1624096781015396,0.059156633913517,-0.13791796565055847,-0.04672973230481148,-0.015050011686980724,-0.020478475838899612,-0.039930686354637146,0.01810658536851406,-0.08009710162878036,0.07469645142555237,0.19343501329421997,-0.010210820473730564,0.002655171789228916,0.19759240746498108,0.012770180590450764,0.030897563323378563,0.04220142588019371,0.04301739111542702,-0.09570751339197159,-0.002238757209852338,-0.19687741994857788,0.007839879021048546,0.1432427167892456,-0.16032792627811432,-0.05741850286722183,0.13833774626255035,-0.1904781460762024,0.13503260910511017,0.02827567793428898,-0.07827284187078476,0.02451430819928646,-0.10219202935695648,-0.10285945981740952,-0.005312125664204359,0.21925649046897888,-0.25026509165763855,0.294918417930603,0.1516430526971817,0.12857958674430847,0.16467240452766418,0.09855575859546661,0.0060349116101861,0.04109497368335724,-0.07974832504987717,-0.17400619387626648,-0.10953006893396378,0.06806353479623795,0.004188544116914272,-0.026291530579328537,0.0069902860559523106 3877.0 5215.0
-0.13345152139663696,0.08813832700252533,-0.006944599561393261,-0.018070241436362267,-0.08490115404129028,0.05797123163938522,-0.03786057233810425,-0.04740586504340172,0.18659323453903198,0.032930921763181686,0.21317677199840546,-0.00955529697239399,-0.27432680130004883,-0.05485125258564949,-0.02506365440785885,0.10585571825504303,-0.24108996987342834,-0.0318424366414547,-0.09674225747585297,-0.09452980011701584,0.04589708521962166,-0.020035291090607643,0.05881398171186447,0.08002664893865585,-0.1934237778186798,-0.24754412472248077,-0.0489664301276207,-0.10152755677700043,0.06380496174097061,-0.18928010761737823,0.06273485720157623,0.03002534992992878,-0.20599088072776794,-0.07147073745727539,-0.0192161463201046,0.037308335304260254,-0.04123027250170708,-0.03718729317188263,0.23517531156539917,-0.06105717271566391,-0.12800651788711548,0.03989153355360031,-0.0011944257421419024,0.2556569278240204,0.15555475652217865,0.040759239345788956,0.020474065095186234,-0.08737646043300629,0.08545121550559998,-0.2683124840259552,0.03875156119465828,0.2104722261428833,0.10559751838445663,0.0639793649315834,0.05643347278237343,-0.19036032259464264,-0.01439469214528799,0.18815210461616516,-0.1436706781387329,0.08290966600179672,0.040070541203022,-0.01156645268201828,0.05525042489171028,-0.08524814248085022,0.15765263140201569,0.08579685539007187,-0.11003251373767853,-0.1624615490436554,0.09835652261972427,-0.0811358168721199,-0.02704744227230549,0.1736813187599182,-0.08951959013938904,-0.23836995661258698,-0.3290199041366577,0.010101532563567162,0.35783523321151733,0.13831721246242523,-0.1980648636817932,-0.04777368903160095,-0.17116592824459076,-0.011206568218767643,0.018112696707248688,-0.03245718404650688,-0.10394121706485748,-0.06743448227643967,-0.08580037206411362,0.057805854827165604,0.17879155278205872,0.010186862200498581,-0.06266089528799057,0.1674743890762329,0.0753510445356369,-0.04371557757258415,-0.017741015180945396,0.06991048902273178,-0.08823549747467041,0.014034944586455822,-0.08498650044202805,0.03402780741453171,0.019950920715928078,-0.08363586664199829,0.046398770064115524,0.0830899253487587,-0.20863740146160126,0.19785016775131226,0.03995103761553764,-0.05346636846661568,-0.061632703989744186,0.045191626995801926,-0.15087267756462097,0.09040926396846771,0.24267223477363586,-0.4019135534763336,0.2870238721370697,0.21310926973819733,0.012787776999175549,0.14384643733501434,0.01812976412475109,0.10138464719057083,-0.09117422252893448,0.0038054774049669504,-0.08094631880521774,-0.09237606823444366,0.029464345425367355,-0.048868823796510696,0.09349387139081955,0.034407537430524826 757.0 5.0
-0.09362009167671204,0.06736329197883606,0.04687059670686722,-0.07334278523921967,-0.10807573050260544,-0.061896730214357376,-0.1150958389043808,-0.22320452332496643,0.1327921599149704,-0.13815054297447205,0.24758295714855194,-0.106949582695961,-0.17177115380764008,-0.07530935108661652,-0.11330099403858185,0.17916768789291382,-0.24373939633369446,-0.15201915800571442,0.04266783222556114,0.005529109388589859,0.05318627506494522,-0.009740544483065605,-0.004473693203181028,0.06416047364473343,-0.11444250494241714,-0.29876449704170227,-0.10349690169095993,-0.048227082937955856,0.02028181403875351,-0.0633128359913826,-0.015594175085425377,0.06084027886390686,-0.15408775210380554,0.004223857540637255,0.028304528445005417,0.10090752691030502,0.06543159484863281,-0.08989471197128296,0.1624218225479126,-0.021571127697825432,-0.24724343419075012,0.09400109201669693,0.07855183631181717,0.21758010983467102,0.2169724851846695,0.017615647986531258,-0.026233701035380363,-0.2286699265241623,0.172944113612175,-0.11640086770057678,-0.04315521568059921,0.1218830943107605,0.032674748450517654,-0.004848226439207792,-0.011178726330399513,-0.1698037087917328,0.02143278159201145,0.09854114055633545,-0.1817082017660141,-0.020980333909392357,0.08188215643167496,-0.07548021525144577,0.049196187406778336,-0.10586732625961304,0.17567431926727295,0.08661118149757385,-0.0838126540184021,-0.20816248655319214,0.13615958392620087,-0.19029830396175385,-0.08003061264753342,0.10784461349248886,-0.11444201320409775,-0.1506727635860443,-0.3084073066711426,-0.07386563718318939,0.36070308089256287,0.10214033722877502,-0.1774878203868866,0.0573359951376915,-0.0092236353084445,-0.00982754584401846,0.13833467662334442,0.14776921272277832,0.0020602853037416935,-0.012453961186110973,-0.11857185512781143,-0.0671963319182396,0.25334134697914124,-0.0077101788483560085,-0.012131269089877605,0.19265426695346832,-0.014279372990131378,0.05647746101021767,0.04960525035858154,0.03971236199140549,-0.14222536981105804,0.04932241886854172,-0.13842445611953735,-0.05494435504078865,-0.06379176676273346,-0.009071595035493374,0.028187597170472145,0.12719610333442688,-0.15658870339393616,0.1285107284784317,-0.01961328275501728,-3.412592923268676E-4,-0.022720925509929657,-0.0036997112911194563,0.00851962249726057,-0.00569444615393877,0.1431780457496643,-0.25507301092147827,0.18192532658576965,0.1281767189502716,0.11077500879764557,0.14459247887134552,0.07959610968828201,0.09762231260538101,-0.1045546755194664,-0.005837830249220133,-0.14360111951828003,-0.01758938655257225,0.0014807116240262985,-0.08712144941091537,0.15664759278297424,-0.0029309061355888844 2983.0 2812.0
-0.1885135918855667,0.05944470316171646,0.01483178697526455,-0.06634410470724106,-0.03031693957746029,0.03384701535105705,0.03264157101511955,-0.10805521160364151,0.18681703507900238,-0.015088001266121864,0.29313406348228455,0.05803535878658295,-0.18679571151733398,-0.07453170418739319,0.04164079204201698,0.15035462379455566,-0.13888810575008392,-0.08310402929782867,-0.11280198395252228,-0.0551181435585022,-0.0010876996675506234,-0.05136642977595329,0.0322115533053875,0.048279255628585815,-0.19479574263095856,-0.30238375067710876,-0.029732653871178627,-0.13139678537845612,0.06524458527565002,-0.049557361751794815,0.016467299312353134,0.02897876314818859,-0.2090500146150589,-0.060657307505607605,0.01833188720047474,0.10562476515769958,-0.0813075453042984,-0.08075270801782608,0.2109457403421402,-0.020296644419431686,-0.15773172676563263,0.02912624552845955,0.07542295008897781,0.20747464895248413,0.17018380761146545,0.02964920550584793,0.08566369861364365,-0.11759194731712341,0.12005124986171722,-0.21597182750701904,0.05826989933848381,0.07204999029636383,0.14185619354248047,0.09786556661128998,0.049112237989902496,-0.18770171701908112,0.06431850790977478,0.1481947898864746,-0.21681004762649536,-0.00602610083296895,0.005775537341833115,0.01773509941995144,-0.036045141518116,-0.03800995647907257,0.25417500734329224,0.1279267817735672,-0.13272270560264587,-0.052744630724191666,0.12214218825101852,-0.028765419498085976,-0.016300594434142113,0.05548230931162834,-0.16060873866081238,-0.240523561835289,-0.2878321707248688,0.11429214477539062,0.34610405564308167,0.13810613751411438,-0.1548323780298233,0.03939811512827873,-0.09991177916526794,0.009683406911790371,0.023123104125261307,0.03758549690246582,-0.0922391414642334,-0.08045700192451477,-0.008212536573410034,0.012188908644020557,0.18163706362247467,0.008699597790837288,0.003241425845772028,0.15685193240642548,0.01935066096484661,-0.039142925292253494,-0.04669256880879402,0.057818956673145294,-0.11286609619855881,0.029605954885482788,-0.07723765820264816,-0.06016920134425163,0.04422847181558609,-0.0022381492890417576,0.0916326567530632,0.0971185490489006,-0.3028273284435272,0.15675412118434906,0.02536614239215851,-0.027579450979828835,0.08055775612592697,0.01683500036597252,-0.03005826286971569,-0.019339609891176224,0.08136291801929474,-0.301243394613266,0.26109689474105835,0.20925818383693695,0.01603473536670208,0.16374096274375916,0.08314322680234909,0.040507666766643524,-0.0026546712033450603,0.08097631484270096,-0.15776415169239044,-0.019813086837530136,0.11383748054504395,-0.029737019911408424,0.07361281663179398,0.03284488618373871 5156.0 3222.0
-0.07546518743038177,0.032475125044584274,0.024193882942199707,0.010546342469751835,-0.16460996866226196,0.0020728223025798798,0.06348838657140732,-0.10999374836683273,0.14376887679100037,-0.10770625621080399,0.17748558521270752,-0.0610741525888443,-0.19831021130084991,0.045638617128133774,-0.049088459461927414,0.14821840822696686,-0.1364864557981491,-0.21988360583782196,-0.17765876650810242,-0.11654543876647949,0.01761554181575775,0.12095959484577179,-0.0449308417737484,0.09118488430976868,-0.21658165752887726,-0.2613327205181122,-0.0524032786488533,-0.08034056425094604,0.03802575543522835,-0.02675412781536579,0.03965775668621063,0.08351145684719086,-0.08557840436697006,0.038875047117471695,0.11509712785482407,-0.01082246471196413,-0.0957498550415039,-0.11253070831298828,0.2833702266216278,0.044190555810928345,-0.23101010918617249,0.013688791543245316,0.13075193762779236,0.29584527015686035,0.2828121483325958,-0.022076066583395004,0.025986801832914352,-0.09275458753108978,0.10972908139228821,-0.3109275996685028,-0.03912344202399254,0.2127746194601059,0.05898561701178551,0.1299610137939453,0.07728046178817749,-0.18809475004673004,-0.0607045516371727,0.15606731176376343,-0.17134684324264526,0.023009128868579865,-0.0053092725574970245,-0.11862082034349442,-0.033389944583177567,-0.09496159851551056,0.15131621062755585,0.045077502727508545,-0.1467796415090561,-0.15297892689704895,0.19790007174015045,-0.23644553124904633,-0.0906897485256195,0.11914650350809097,-0.11427073925733566,-0.21873286366462708,-0.21056519448757172,-8.894545026123524E-4,0.4862641990184784,0.17611286044120789,-0.1632673442363739,0.03770685940980911,-0.0519007183611393,0.01986541785299778,0.05938813462853432,0.06700647622346878,-2.4946429766714573E-4,-0.16129857301712036,-0.09527415782213211,-0.017829755321145058,0.21434807777404785,-0.05630176141858101,-0.015931613743305206,0.18855661153793335,0.05686665698885918,-0.09973948448896408,0.043513327836990356,0.09975896030664444,-0.1450006067752838,0.01420264970511198,-0.08569978922605515,-0.025239987298846245,-0.060653652995824814,-0.005985776428133249,0.0743422880768776,0.06621555984020233,-0.135544091463089,0.2510623037815094,-0.01609293930232525,-0.046879202127456665,-0.0672832503914833,-0.023938024416565895,-0.04619283229112625,0.03150253742933273,0.1442238837480545,-0.2931818664073944,0.13315871357917786,0.12472481280565262,-0.03409598022699356,0.2272932380437851,0.013476202264428139,0.09563926607370377,-0.049822550266981125,0.010323656722903252,-0.13337016105651855,-0.12394735962152481,-0.015018830075860023,-0.004821093752980232,0.02799384295940399,0.013959065079689026 1636.0 5044.0
-0.1373758763074875,0.11150374263525009,0.042893193662166595,-0.034491509199142456,-0.1327466070652008,-0.026383018121123314,-0.025553885847330093,-0.13420332968235016,0.04230618104338646,-0.07892265170812607,0.1226324737071991,0.018527789041399956,-0.22649604082107544,-0.05324309319257736,0.07363457977771759,0.09446198493242264,-0.10180599242448807,-0.13384650647640228,-0.15347814559936523,-0.12305109947919846,-0.06295167654752731,0.06775444000959396,0.01901840791106224,-0.004561832174658775,-0.0940924808382988,-0.2200516015291214,-0.070872962474823,-0.06568600237369537,0.03198394179344177,-0.040774330496788025,0.04167446866631508,0.0714154988527298,-0.1845598816871643,-0.0696733146905899,0.0062971641309559345,0.07541974633932114,-0.06324047595262527,-0.07508496940135956,0.1753907948732376,-0.01593293808400631,-0.1631130576133728,-0.02546318620443344,0.08649507164955139,0.197177916765213,0.20525839924812317,-0.06496470421552658,0.03729580342769623,0.018788699060678482,0.07406581938266754,-0.2393432855606079,0.03460931405425072,0.12363104522228241,0.11125591397285461,0.0929475799202919,0.04180729016661644,-0.14564506709575653,0.015353518538177013,0.1451740562915802,-0.08668343722820282,0.07495298236608505,0.06433814764022827,-0.1615781933069229,-0.0451466366648674,-0.03985534980893135,0.13627566397190094,0.10209251195192337,-0.04134368523955345,-0.1537064015865326,0.11576283723115921,-0.13694795966148376,-0.11248569190502167,0.09388617426156998,-0.1160021424293518,-0.1004447489976883,-0.266397088766098,0.0505170002579689,0.3085962235927582,0.12600405514240265,-0.1157924011349678,-0.01364931557327509,-0.06662801653146744,-0.0342610739171505,-0.02491568773984909,0.03547465428709984,-0.0689311996102333,-0.08413654565811157,-0.06400531530380249,0.036620333790779114,0.2430870532989502,-0.005879807751625776,-0.04222573712468147,0.1812744289636612,0.01571000926196575,-0.02093246951699257,0.022151324898004532,0.03882281854748726,-0.04431109502911568,-0.06784147024154663,-0.05421632155776024,-0.024088796228170395,0.0706348791718483,-0.19144868850708008,-0.0033537724521011114,0.12560932338237762,-0.1806279569864273,0.15949422121047974,-0.038441020995378494,0.03177053481340408,0.004104111343622208,-0.0058171735145151615,-0.03711755946278572,0.025110412389039993,0.1844193935394287,-0.1317439079284668,0.2187061458826065,0.2056422233581543,-0.05910671129822731,0.10208311676979065,0.07428998500108719,0.09420572966337204,-0.03953530266880989,0.008666103705763817,-0.1148332804441452,-0.1434788852930069,0.043552152812480927,5.736210150644183E-4,0.023637540638446808,0.0809929296374321 1307.0 5047.0
-0.12205379456281662,0.09645979106426239,-0.046871744096279144,-0.08106017112731934,-0.013891679234802723,0.012947103939950466,0.025446521118283272,-0.09600430727005005,0.13288457691669464,-0.022537650540471077,0.1793850213289261,-0.009635651484131813,-0.28652313351631165,-0.13815952837467194,-0.0013700968120247126,0.17750918865203857,-0.23564566671848297,-0.12362278252840042,-0.15882200002670288,-0.023862147703766823,0.1077624261379242,0.07564407587051392,0.04138174280524254,0.009987976402044296,-0.09823649376630783,-0.28036075830459595,-0.06231756508350372,-0.0665825605392456,0.13383664190769196,-0.06225387006998062,0.07447650283575058,0.022025521844625473,-0.21212926506996155,-0.008863328956067562,-0.020669221878051758,0.012718500569462776,-0.07605794072151184,-0.09540598094463348,0.20852065086364746,0.06893143057823181,-0.13761527836322784,-0.01855616085231304,0.007772926706820726,0.21765626966953278,0.2555939555168152,-0.05852323770523071,0.059152353554964066,-0.11561807245016098,0.004378007724881172,-0.32509541511535645,-0.016937293112277985,0.14238403737545013,0.07499723136425018,0.1119178831577301,0.067337267100811,-0.14342036843299866,0.06276930123567581,0.1572236567735672,-0.2583708167076111,0.1103435754776001,0.00662179896607995,-0.12789709866046906,-0.035148315131664276,0.03973432257771492,0.12861503660678864,0.06872487813234329,-0.0559813417494297,-0.22802072763442993,0.18070359528064728,-0.16770033538341522,-0.07019549608230591,0.1064184233546257,-0.02501765266060829,-0.17769387364387512,-0.30298590660095215,-0.041781235486269,0.30242472887039185,0.1338614821434021,-0.19189204275608063,0.09488030523061752,-0.10200519114732742,-0.07184501737356186,0.10323191434144974,0.01750176213681698,-0.06080899387598038,-0.09775330126285553,-0.16782261431217194,0.027288969606161118,0.18669924139976501,-0.05058992654085159,-2.410570414212998E-5,0.296926885843277,0.05124518275260925,-0.05902409553527832,0.061607204377651215,0.06054467335343361,-0.055925413966178894,0.01527333166450262,-0.045656319707632065,-0.07457645982503891,0.07943671196699142,-0.12845109403133392,0.04288521781563759,0.0726870745420456,-0.1108885258436203,0.1879279464483261,-0.005423234775662422,-0.00410443264991045,-3.9315366302616894E-4,-0.12536261975765228,-0.06681752949953079,0.04757755622267723,0.16806739568710327,-0.2314395308494568,0.2432531714439392,0.20127813518047333,-0.023834707215428352,0.10809557884931564,0.0598021000623703,0.10343031585216522,-0.048574596643447876,-0.029898663982748985,-0.15812937915325165,-0.029398221522569656,-0.0010910205310210586,0.002499125199392438,0.01127895712852478,0.05536627024412155 3835.0 2347.0
-0.05301003158092499,0.07873929291963577,0.028933323919773102,0.04435933753848076,-0.03149603307247162,-0.1090482622385025,-0.007646273355931044,-0.15539078414440155,0.1397789567708969,0.0016612757463008165,0.21258720755577087,-0.053320687264204025,-0.15791332721710205,-0.12078859657049179,-0.07298008352518082,0.07392238825559616,-0.134924978017807,-0.04468289390206337,-0.13301019370555878,-0.05565464496612549,0.027297450229525566,0.027848409488797188,0.11179710924625397,0.002966732019558549,-0.0565069280564785,-0.3281291723251343,-0.10636976361274719,-0.0758621022105217,0.10835517197847366,-0.026048965752124786,-0.02123187854886055,0.03790711611509323,-0.24748195707798004,-0.18508505821228027,0.04749806597828865,-0.003489276161417365,0.025837304070591927,-0.046907514333724976,0.23721376061439514,-0.010539144277572632,-0.15084561705589294,0.12161725759506226,0.07549546658992767,0.26016533374786377,0.2113959789276123,0.03602074459195137,-0.013020331040024757,-0.12628984451293945,0.11819574981927872,-0.1429685354232788,0.04536999389529228,0.19130587577819824,0.08176092803478241,0.02031601406633854,0.036841608583927155,-0.09645745903253555,0.013206306844949722,0.17077520489692688,-0.17870469391345978,0.014800024218857288,0.06975459307432175,0.006408846005797386,0.018538445234298706,-0.013514873571693897,0.15534542500972748,0.09389045834541321,-0.07302657514810562,-0.15786409378051758,0.09128991514444351,-0.14638260006904602,0.008954059332609177,0.009394343942403793,-0.1360885500907898,-0.1090480238199234,-0.3265746831893921,0.038080036640167236,0.43562740087509155,0.05097971856594086,-0.17458979785442352,0.04976450651884079,-0.17930111289024353,-0.05372622609138489,0.06890810281038284,0.04086240753531456,-0.06871870905160904,-0.06102581322193146,-0.08294680714607239,-0.012071499601006508,0.17907151579856873,0.025517914444208145,-0.0544426254928112,0.16921447217464447,-0.005279016215354204,-0.015056952834129333,0.022843345999717712,0.018271947279572487,-0.18385742604732513,5.051320767961442E-4,-0.14820297062397003,-0.011183136142790318,-0.02065657265484333,-0.05369899794459343,0.024440627545118332,0.1487995833158493,-0.2249029576778412,0.11429203301668167,0.017566904425621033,-0.035064373165369034,0.04257945343852043,-0.013713094405829906,-0.022746531292796135,-0.023359471932053566,0.09665897488594055,-0.21566201746463776,0.2709428668022156,0.11410590261220932,0.04661454260349274,0.13563480973243713,0.05821569263935089,0.0588286854326725,-0.021325603127479553,0.08822856098413467,-0.11232113093137741,-0.08548536151647568,-0.0037841154262423515,-0.016817083582282066,0.09024163335561752,0.017892058938741684 1623.0 1873.0
-0.1507994681596756,0.14079166948795319,0.08687081187963486,-0.029078463092446327,-0.11522956937551498,-0.024171650409698486,0.024126451462507248,-0.13200116157531738,0.05638911575078964,-0.022922031581401825,0.21246859431266785,-0.05186883360147476,-0.22689320147037506,-0.07473010569810867,0.04184815660119057,0.09106635302305222,-0.18434356153011322,-0.18784743547439575,-0.1776956170797348,-0.11073361337184906,-0.08204170316457748,0.0467427559196949,-0.0023961912374943495,-0.044588539749383926,-0.16036225855350494,-0.3504129946231842,-0.08940696716308594,-0.05435602739453316,0.10801707953214645,-0.08200734853744507,0.07629517465829849,0.07399719953536987,-0.1494276523590088,-0.04389354586601257,0.023606589064002037,0.05546405538916588,-0.10250244289636612,-0.0530436746776104,0.18635335564613342,0.026429781690239906,-0.21095053851604462,0.060319095849990845,0.10173509269952774,0.37264272570610046,0.2608131170272827,-0.008258274756371975,0.027944447472691536,-0.09464956074953079,0.02662472613155842,-0.2431226372718811,0.0714130699634552,0.1882299929857254,0.14189015328884125,0.10571949183940887,0.11020654439926147,-0.09949544817209244,0.0320311114192009,0.10521310567855835,-0.16955922544002533,0.03529936075210571,0.16309800744056702,-0.016535820439457893,-0.02227167971432209,-0.10171033442020416,0.1319092959165573,0.09621300548315048,-0.08034410327672958,-0.12254713475704193,0.12407700717449188,-0.20637932419776917,-0.1144910380244255,0.11419857293367386,-0.07055163383483887,-0.13628195226192474,-0.33079400658607483,-0.020874811336398125,0.3139822781085968,0.17011375725269318,-0.18370595574378967,-0.0908806100487709,-0.04501195624470711,5.566926556639373E-4,0.08426503092050552,0.018312277272343636,-0.20405690371990204,-0.06261404603719711,-0.08517931401729584,0.025574669241905212,0.21896935999393463,0.063882976770401,-0.03784444183111191,0.19581890106201172,0.11121172457933426,-0.09959236532449722,0.07321815937757492,0.05434045568108559,-0.05150387063622475,-0.06795577704906464,-0.14750100672245026,-0.03991679102182388,0.014606058597564697,-0.14353761076927185,-0.004601805470883846,0.1442333161830902,-0.23156215250492096,0.2811634838581085,0.04126132279634476,0.010013879276812077,-0.007371868938207626,-0.039420612156391144,0.011110846884548664,0.061425499618053436,0.20801866054534912,-0.25504451990127563,0.1223171204328537,0.24935854971408844,3.339485265314579E-4,0.07011110335588455,0.06016811728477478,0.02033800259232521,-0.1508709192276001,-0.026574639603495598,-0.14965122938156128,-0.0761718675494194,-0.03430050611495972,-0.08540509641170502,0.033966079354286194,0.06936655938625336 3034.0 1629.0
-0.10225706547498703,-0.004928357899188995,0.03677581250667572,-0.03172598034143448,-0.11805269867181778,-0.034571606665849686,-0.04542609304189682,-0.10546331107616425,0.045301858335733414,-0.0867997258901596,0.0969051644206047,-0.12009308487176895,-0.22253872454166412,0.03203963860869408,-0.031619131565093994,0.1104491800069809,-0.1275191754102707,-0.1628122329711914,-0.13927601277828217,-0.1448023021221161,-0.011342563666403294,0.040366820991039276,-0.016300251707434654,0.011095893569290638,-0.09576501697301865,-0.317024827003479,-0.06798534095287323,-0.09879262745380402,0.0596638023853302,-0.0753781870007515,-0.035129088908433914,-0.03229651600122452,-0.27141833305358887,-0.07318845391273499,0.042242493480443954,0.0019443483324721456,-0.04363042116165161,-0.0657314732670784,0.25452348589897156,0.015615408308804035,-0.14887617528438568,0.07673483341932297,0.12032759934663773,0.26621782779693604,0.17039529979228973,0.033921848982572556,0.011368711479008198,-0.01612488366663456,0.12419892847537994,-0.2468930333852768,0.03847435116767883,0.18953374028205872,0.16580316424369812,0.018858253955841064,0.10620667040348053,-0.09486144036054611,-0.0012778706150129437,0.14031456410884857,-0.11298182606697083,0.1879674345254898,0.08660019189119339,-0.012038041837513447,0.019519589841365814,-0.06465143710374832,0.21087786555290222,0.049645375460386276,-0.04256169870495796,-0.13185332715511322,0.18131358921527863,-0.14068640768527985,-0.07743784785270691,-0.026098301634192467,-0.11519256979227066,-0.1267281323671341,-0.29305970668792725,-0.02698967047035694,0.377620130777359,0.12133987993001938,-0.18646426498889923,0.06644748151302338,-0.08563964813947678,-0.04633054882287979,0.03737910836935043,0.012703856453299522,-0.10837528854608536,0.010024008341133595,-0.0603446327149868,0.07814682275056839,0.28414031863212585,0.005812312476336956,-0.016040267422795296,0.15692780911922455,-0.004531941842287779,-0.04366164654493332,0.030555274337530136,-0.008415714837610722,-0.16686378419399261,-0.11933090537786484,-0.13927243649959564,-0.057552289217710495,0.01876642368733883,-0.09330406785011292,0.04933369904756546,0.2067503184080124,-0.23472236096858978,0.1386781632900238,-0.08924292773008347,-0.061253540217876434,-0.0827205702662468,0.1034589484333992,-0.05390626937150955,0.023880990222096443,0.12471545487642288,-0.1556616574525833,0.18533264100551605,0.19434504210948944,-0.00157818419393152,0.04161974787712097,0.02861395850777626,-0.024311387911438942,-0.01045457273721695,0.10799844563007355,-0.1896008849143982,-0.17299138009548187,-0.020951418206095695,0.010888329707086086,0.07639168202877045,0.10995535552501678 2267.0 2803.0
-0.08670797199010849,0.15177440643310547,2.014457822951954E-5,-0.0022112024016678333,-0.12566837668418884,-0.048632264137268066,-0.028723744675517082,-0.16415806114673615,0.19071266055107117,-0.05864067003130913,0.3463132381439209,-0.021286895498633385,-0.25893038511276245,0.001840286422520876,-0.022916926071047783,0.12690337002277374,-0.22473838925361633,-0.08117253333330154,-0.15605829656124115,-0.07974464446306229,-0.005411581136286259,0.07007955014705658,0.05960419028997421,0.012225082144141197,-0.08377432078123093,-0.2671394646167755,-0.1065966933965683,-0.05919681116938591,0.16351403295993805,-0.1110987588763237,0.09420947730541229,0.020178355276584625,-0.1773836463689804,-0.08109332621097565,0.08170048147439957,0.03757837414741516,-0.13632066547870636,-0.060418274253606796,0.23249080777168274,-0.031165750697255135,-0.13590359687805176,-0.01324475184082985,0.03761636093258858,0.2665049433708191,0.18005655705928802,0.0068663908168673515,0.0184008926153183,-0.19579428434371948,0.0560881532728672,-0.2481444925069809,0.06335613876581192,0.16823747754096985,0.15129528939723969,0.11496789008378983,0.13166531920433044,-0.14695169031620026,0.020313559100031853,0.14469148218631744,-0.14375077188014984,0.05108583718538284,0.17248602211475372,-0.027889803051948547,-0.002282817382365465,-0.1138249933719635,0.12401818484067917,0.08475661277770996,-0.037159692496061325,-0.1861337572336197,0.1709226369857788,-0.1744471937417984,-0.1366102695465088,0.15234273672103882,-0.039540309458971024,-0.18513453006744385,-0.29737627506256104,-0.08976961672306061,0.4153766632080078,0.1655539870262146,-0.1433892697095871,-0.035915475338697433,-0.03256355598568916,-0.06429307907819748,0.00355673860758543,-0.053723134100437164,-0.14731477200984955,-0.07639142125844955,-0.12223599851131439,0.05528811737895012,0.22816234827041626,-0.039962735027074814,-0.019916774705052376,0.19115149974822998,0.021630577743053436,-0.020120810717344284,0.07311654090881348,0.018019936978816986,-0.07273901998996735,-0.024121269583702087,-0.12797385454177856,-0.04334724321961403,-0.020074401050806046,-0.11970195919275284,0.021221157163381577,0.07055340707302094,-0.16493535041809082,0.242190420627594,0.009427929297089577,-0.02811826579272747,-0.03137807920575142,0.02121109701693058,-0.07906365394592285,0.07616903632879257,0.25517070293426514,-0.25933945178985596,0.28619062900543213,0.14040416479110718,0.029466576874256134,0.11758431047201157,0.00418829545378685,0.11760202050209045,-0.12546557188034058,-0.03561071678996086,-0.13660186529159546,-0.13886664807796478,-0.08176737278699875,-0.057559747248888016,0.05757319927215576,0.03931761905550957 1475.0 5408.0
